CreditScore,Gender,Age,Tenure,Balance,NumOfProducts,HasCrCard,IsActiveMember,EstimatedSalary,ZeroBalance,Geography_Germany,Geography_Spain,AgeGroup_31-40,AgeGroup_41-50,AgeGroup_51-60,AgeGroup_60+,actual_churn,churn_probability,Geography,AgeGroup,expected_value_at_risk
585,1,36,7,0.0,2,1,0,94283.09,1,False,False,True,False,False,False,0,0.0876710075219796,France,31-40,0.0
525,1,33,4,131023.76,2,0,0,55072.93,0,True,False,True,False,False,False,0,0.1517589573303188,Germany,31-40,19884.02920309793
557,0,40,4,0.0,2,0,1,105433.53,1,False,True,True,False,False,False,0,0.1548876698476474,Spain,31-40,0.0
639,1,34,5,139393.19,2,0,0,33950.08,0,False,True,True,False,False,False,0,0.1677134855938167,Spain,31-40,23378.117762941158
640,0,34,3,77826.8,1,1,1,168544.85,0,False,True,True,False,False,False,0,0.2136169247831457,Spain,31-40,16625.121681712924
559,1,34,0,0.0,1,1,0,182988.94,1,False,True,True,False,False,False,0,0.4318982589710602,Spain,31-40,0.0
595,1,30,9,130682.11,2,1,1,57862.88,0,True,False,False,False,False,False,0,0.1503090345187819,Germany,18-30,19642.701782977252
706,0,29,6,185544.36,1,1,0,171037.63,0,True,False,False,False,False,False,0,0.366677902947679,Germany,18-30,68035.0168285692
505,1,49,7,80001.23,1,0,0,135180.11,0,False,False,False,True,False,False,0,0.7404408761104014,France,41-50,59236.18083110973
714,0,40,0,0.0,2,1,0,62762.12,1,False,False,True,False,False,False,0,0.1532836027661382,France,31-40,0.0
699,0,54,3,111009.32,1,1,1,155905.79,0,True,False,False,False,True,False,1,0.7942267306748412,Germany,51-60,88166.56929803727
625,0,38,7,0.0,1,1,0,164804.02,1,False,False,True,False,False,False,0,0.4411397892664922,France,31-40,0.0
721,1,35,10,0.0,2,1,0,71594.26,1,False,False,True,False,False,False,0,0.0660113365382883,France,31-40,0.0
727,0,31,10,96997.09,2,0,0,76614.04,0,False,True,True,False,False,False,0,0.1792342443244058,Spain,31-40,17385.200127816377
670,1,38,10,89416.99,1,0,0,144275.39,0,False,False,True,False,False,False,0,0.3127893286774857,France,31-40,27968.680274461454
702,1,30,2,0.0,2,1,1,145537.32,1,False,True,False,False,False,False,0,0.0520964240338686,Spain,18-30,0.0
633,0,42,1,0.0,2,1,0,56865.62,1,False,False,False,True,False,False,0,0.2058701938475752,France,41-50,0.0
491,0,61,8,0.0,2,0,1,139861.53,1,False,True,False,False,False,True,0,0.2394405332011612,Spain,60+,0.0
617,0,58,3,119024.75,2,1,0,35199.24,0,True,False,False,False,True,False,1,0.8827264192295744,Germany,51-60,105066.29136719528
572,0,35,1,139979.07,1,1,0,185662.84,0,True,False,True,False,False,False,0,0.5633566875600721,Germany,31-40,78858.14520293946
551,1,52,1,0.0,1,0,0,63584.55,1,False,False,False,False,True,False,1,0.8321570405885045,France,51-60,0.0
471,1,26,8,0.0,2,1,1,179655.87,1,False,True,False,False,False,False,0,0.0600350972857101,Spain,18-30,0.0
466,1,26,3,156815.71,1,1,1,137476.09,0,False,False,False,False,False,False,0,0.1721790111059705,France,18-30,27000.373873680648
588,1,44,8,154409.74,1,1,0,49324.03,0,False,False,False,True,False,False,1,0.5910816926557273,France,41-50,91268.77048173075
778,0,34,7,109564.1,1,0,1,113046.81,0,False,False,True,False,False,False,0,0.1872113459189584,France,31-40,20511.642625399352
729,1,34,3,152303.8,1,1,0,12128.69,0,False,False,True,False,False,False,0,0.2760100231285974,France,31-40,42037.37536057327
776,0,43,4,0.0,2,0,1,162137.5,1,False,False,False,True,False,False,0,0.2419403491497095,France,41-50,0.0
664,1,35,1,115024.5,1,0,1,169665.79,0,False,True,True,False,False,False,0,0.1566767733922477,Spain,31-40,18021.667521056595
523,1,36,8,158351.02,2,1,0,155304.53,0,False,False,True,False,False,False,0,0.2725885271832878,France,31-40,43164.67131977135
733,1,39,5,91538.51,1,1,1,93783.0,0,True,False,True,False,False,False,0,0.3385207065717138,Germany,31-40,30987.681083721887
693,0,30,6,127992.25,1,1,1,50457.2,0,False,False,False,False,False,False,0,0.2031967499263708,France,18-30,26007.609215763532
614,1,46,4,0.0,1,1,0,74379.57,1,False,False,False,True,False,False,1,0.7648505456259648,France,41-50,0.0
775,1,45,8,0.0,1,1,0,130376.68,1,False,False,False,True,False,False,0,0.7699305423331265,France,41-50,0.0
633,1,43,5,0.0,2,1,1,48249.88,1,False,False,False,True,False,False,0,0.107187672386573,France,41-50,0.0
676,0,43,2,0.0,1,1,1,55119.53,1,False,False,False,True,False,False,0,0.5887206701226025,France,41-50,0.0
768,0,26,5,51116.26,1,1,1,70454.79,0,False,False,False,False,False,False,1,0.1650098428887639,France,18-30,8434.686031661207
727,0,29,1,146652.01,1,1,1,173486.39,0,False,False,False,False,False,False,0,0.2133090194677497,France,18-30,31282.196456074624
629,0,40,6,0.0,2,1,1,139356.3,1,False,False,True,False,False,False,0,0.1529311423256026,France,31-40,0.0
702,1,43,6,116121.67,1,1,0,61602.42,0,False,True,False,True,False,False,0,0.5571929523265386,Spain,41-50,64702.17613638805
796,0,52,9,167194.36,1,1,1,62808.93,0,True,False,False,False,True,False,1,0.5372121147769071,Germany,51-60,89818.83571437153
530,0,41,4,0.0,2,0,1,147606.71,1,False,True,False,True,False,False,0,0.1492903303073898,Spain,41-50,0.0
510,0,32,1,0.0,2,0,1,28515.17,1,False,False,True,False,False,False,0,0.0796785893551435,France,31-40,0.0
709,1,44,9,128601.98,1,1,0,117031.2,0,False,False,False,True,False,False,0,0.6308055991399045,France,41-50,81122.84904447802
642,0,40,6,129502.49,2,0,1,86099.23,0,True,False,True,False,False,False,1,0.2897107424585094,Germany,31-40,37518.26252812569
655,0,30,1,83173.98,2,1,1,184259.6,0,True,False,False,False,False,False,0,0.0823984198727078,Germany,18-30,6853.4045265242
464,0,33,10,147493.7,2,1,0,100447.53,0,False,False,True,False,False,False,0,0.2330716441379562,France,31-40,34376.59915899047
617,1,61,3,113858.95,1,1,1,38129.22,0,False,True,False,False,False,True,0,0.3446120042016558,Spain,60+,39237.16095579611
655,0,46,7,137145.12,1,1,0,115146.4,0,True,False,False,True,False,False,1,0.9046073209245836,Germany,41-50,124062.47958108052
709,1,26,6,156551.63,1,0,1,4410.77,0,False,False,False,False,False,False,0,0.1601036342434562,France,18-30,25064.484909736886
642,1,48,9,118317.27,4,0,0,78702.98,0,False,False,False,True,False,False,1,0.8852971372874621,France,41-50,104745.94042266771
741,0,42,9,121056.63,2,1,0,39122.58,0,False,True,False,True,False,False,0,0.3633423494134136,Spain,41-50,43985.00035627033
415,1,53,5,167259.44,1,1,1,22357.25,0,False,True,False,False,True,False,0,0.5608067204107902,Spain,51-60,93800.21800414534
684,1,30,2,0.0,2,1,0,83473.82,1,False,False,False,False,False,False,0,0.0635158389419178,France,18-30,0.0
706,1,29,2,0.0,2,1,1,18255.51,1,False,True,False,False,False,False,0,0.0543184518537293,Spain,18-30,0.0
634,0,45,2,0.0,1,1,1,143458.31,1,False,False,False,True,False,False,0,0.713458332183825,France,41-50,0.0
813,1,29,6,0.0,1,1,0,33953.87,1,False,False,False,False,False,False,0,0.3499664135281817,France,18-30,0.0
775,1,70,6,119684.88,2,1,1,74532.02,0,True,False,False,False,False,True,0,0.271928769453206,Germany,60+,32545.762140554627
445,1,31,7,145056.59,1,1,1,175893.53,0,False,False,True,False,False,False,0,0.2108240851165742,France,31-40,30581.422876880002
701,1,37,8,107798.85,1,1,0,16966.73,0,False,False,True,False,False,False,0,0.319496180648267,France,31-40,34441.32085327544
752,1,33,4,0.0,2,1,1,39570.78,1,False,False,True,False,False,False,0,0.0320530670785305,France,31-40,0.0
723,1,21,4,0.0,2,0,0,24847.02,1,False,False,False,False,False,False,0,0.0381200106844964,France,18-30,0.0
806,1,34,6,0.0,2,0,0,100809.99,1,False,False,True,False,False,False,0,0.0512571246269642,France,31-40,0.0
625,1,49,6,173434.9,1,1,0,165580.93,0,False,False,False,True,False,False,1,0.6780444954916149,France,41-50,117596.57927113869
712,0,44,2,0.0,2,0,0,45738.94,1,False,True,False,True,False,False,0,0.2311783545167682,Spain,41-50,0.0
571,0,22,3,108117.1,1,0,1,53328.7,0,False,True,False,False,False,False,0,0.2045694849120219,Spain,18-30,22117.459457181565
639,0,37,4,116121.84,2,0,1,181850.74,0,False,False,True,False,False,False,0,0.2415629840961341,France,31-40,28050.73818913383
627,0,44,5,0.0,2,1,0,82969.61,1,False,False,False,True,False,False,1,0.2591072891018747,France,41-50,0.0
630,1,32,4,82034.0,1,0,0,146326.45,0,False,True,True,False,False,False,0,0.2092352283439456,Spain,31-40,17164.40272196723
578,1,23,8,0.0,2,1,0,112124.98,1,False,True,False,False,False,False,0,0.0344509506866076,Spain,18-30,0.0
679,1,39,6,0.0,2,1,0,12266.06,1,False,True,True,False,False,False,0,0.0776478424316864,Spain,31-40,0.0
767,0,35,6,115576.44,1,0,1,27922.45,0,False,False,True,False,False,False,0,0.2080009904788176,France,31-40,24040.013996015634
762,0,35,3,119349.69,3,1,1,47114.18,0,False,True,True,False,False,False,1,0.8219807913259815,Spain,31-40,98103.15263071058
734,1,39,6,0.0,1,1,1,95135.27,1,False,True,True,False,False,False,0,0.258499073625884,Spain,31-40,0.0
659,1,67,6,117411.6,1,1,1,45071.09,0,True,False,False,False,False,True,1,0.3920370874878333,Germany,60+,46029.70170128649
575,1,49,7,121205.15,4,1,1,168080.53,0,True,False,False,True,False,False,1,0.9373640631178538,Germany,41-50,113613.35187480893
580,0,35,1,102097.33,1,0,1,168285.85,0,False,False,True,False,False,False,0,0.2446193013945943,France,31-40,24974.977538853356
766,1,41,0,0.0,2,0,1,34283.23,1,False,True,False,True,False,False,0,0.1656874296512457,Spain,41-50,0.0
850,1,38,3,54901.01,1,1,1,140075.55,0,True,False,True,False,False,False,0,0.2328420900177344,Germany,31-40,12783.265912484538
749,1,42,1,129776.72,2,0,1,143538.51,0,False,False,False,True,False,False,0,0.2684373008157413,France,41-50,34836.91242552023
746,1,48,5,165282.42,1,1,0,153786.46,0,False,False,False,True,False,False,1,0.7343623000014846,France,41-50,121377.17810101139
718,1,37,8,0.0,2,1,1,142.81,1,False,False,True,False,False,False,0,0.1924653362127286,France,31-40,0.0
642,1,26,8,144238.7,1,1,1,184399.76,0,False,True,False,False,False,False,0,0.2042131601199309,Spain,18-30,29455.44073859068
558,1,33,0,108477.49,1,1,1,109096.71,0,False,False,True,False,False,False,1,0.1361055165938844,France,31-40,14764.384815257928
531,0,64,2,175754.87,2,1,1,60721.4,0,True,False,False,False,False,True,0,0.3061017143704122,Germany,60+,53798.867015948934
748,0,41,2,91621.69,1,1,1,71139.31,0,False,False,False,True,False,False,0,0.3234909305526705,France,41-50,29638.785756908303
664,1,36,1,0.0,2,1,1,95372.64,1,False,False,True,False,False,False,0,0.05573750137517,France,31-40,0.0
511,0,75,9,105609.17,1,0,1,105425.18,0,True,False,False,False,False,True,0,0.354163640472027,Germany,60+,37402.928114429174
635,0,47,2,125724.95,2,1,0,63236.97,0,False,False,False,True,False,False,0,0.6434347785491111,France,41-50,80895.80536134807
571,1,34,1,99325.04,2,0,1,186052.15,0,False,False,True,False,False,False,0,0.1132848032198745,France,31-40,11252.017611206162
698,1,57,6,136325.48,2,1,1,72549.27,0,False,False,False,False,True,False,1,0.4360682692733597,France,51-60,59447.21612146001
636,1,76,9,126534.6,1,1,1,39789.62,0,False,True,False,False,False,True,0,0.1345463409934819,Spain,60+,17024.767439073836
538,0,33,5,0.0,2,1,0,126962.41,1,False,False,True,False,False,False,0,0.0727588840944903,France,31-40,0.0
738,0,67,1,130652.52,1,0,1,22762.23,0,False,False,False,False,False,True,0,0.2839814891109857,France,60+,37102.897185702845
662,1,20,9,104508.77,2,0,0,73107.53,0,False,True,False,False,False,False,0,0.1811682284036445,Spain,18-30,18933.66871354395
555,0,44,3,105770.7,3,1,0,60533.96,0,False,False,False,True,False,False,1,0.9219888596080846,France,41-50,97519.40707294883
531,1,27,8,132576.25,1,0,0,7222.92,0,False,True,False,False,False,False,0,0.2636899356080805,Spain,18-30,34959.02282566079
593,0,32,9,134096.53,2,1,0,53931.05,0,True,False,True,False,False,False,1,0.2091611236282689,Germany,31-40,28047.78088945187
579,1,28,6,150329.15,1,1,0,145558.42,0,True,False,False,False,False,False,0,0.3628245209753251,Germany,18-30,54543.10183737779
706,1,32,6,94486.47,1,1,1,146949.74,0,False,False,True,False,False,False,0,0.109528896559272,France,31-40,10348.998798880757
754,1,28,8,0.0,2,1,1,52615.62,1,False,False,False,False,False,False,0,0.0389852893624335,France,18-30,0.0
653,1,31,9,143321.97,1,1,0,83679.46,0,True,False,True,False,False,False,0,0.4903549654861546,Germany,31-40,70278.63965275769
558,1,26,1,148853.29,2,1,1,24411.02,0,True,False,False,False,False,False,0,0.1037159892181459,Germany,18-30,15438.466220725546
589,0,39,7,0.0,2,0,0,95985.64,1,False,False,True,False,False,False,0,0.1577822684119124,France,31-40,0.0
670,0,65,1,0.0,1,1,1,177655.68,1,False,True,False,False,False,True,1,0.1925213574720765,Spain,60+,0.0
714,0,35,6,126077.43,2,1,1,53954.24,0,True,False,True,False,False,False,0,0.2784770280903377,Germany,31-40,35109.66801566758
547,0,51,1,0.0,2,1,1,56908.41,1,False,False,False,False,True,False,0,0.3746344962348394,France,51-60,0.0
761,1,37,7,132730.17,1,1,0,199293.01,0,False,True,True,False,False,False,0,0.2870447597406916,Spain,31-40,38099.49975799116
591,1,24,6,147360.0,1,1,1,25310.82,0,False,False,False,False,False,False,0,0.1488077148564375,France,18-30,21928.304861244633
714,0,31,4,125169.26,1,1,1,106636.89,0,False,False,True,False,False,False,0,0.1792796623387819,France,31-40,22440.302667995198
629,1,35,7,156847.29,2,1,0,31824.29,0,True,False,True,False,False,False,0,0.1765432720342435,Germany,31-40,27690.33378630388
643,1,36,7,161064.64,2,0,1,84294.82,0,False,False,True,False,False,False,0,0.1653692254326247,France,31-40,26635.134761384543
445,0,38,6,119413.62,2,1,0,175756.36,0,True,False,True,False,False,False,0,0.4759800861796679,Germany,31-40,56838.50513862611
501,0,34,3,107747.57,1,1,0,9249.36,0,False,False,True,False,False,False,0,0.2787939212766607,France,31-40,30039.36754833149
686,0,43,5,154846.24,2,1,1,151903.6,0,True,False,False,True,False,False,0,0.4513664640153144,Germany,41-50,69892.39981486673
500,1,30,2,125495.64,2,1,1,68807.47,0,True,False,False,False,False,False,0,0.1241775467812345,Germany,18-30,15583.740706940962
703,1,39,1,141559.5,1,1,1,31257.1,0,True,False,True,False,False,False,1,0.4739006001457965,Germany,31-40,67085.13200633888
730,1,34,5,122453.37,2,1,0,138882.98,0,False,False,True,False,False,False,0,0.1707229359324813,France,31-40,20905.598841226427
433,1,27,2,0.0,2,1,1,153698.65,1,False,True,False,False,False,False,0,0.1019393150388478,Spain,18-30,0.0
521,1,41,8,120586.54,1,0,1,20491.15,0,True,False,False,True,False,False,0,0.6369143770292368,Germany,41-50,76803.30100221114
791,0,33,10,130229.71,2,0,0,54019.93,0,True,False,True,False,False,False,1,0.2467163782523131,Germany,31-40,32129.802392049045
757,1,38,0,0.0,1,1,0,83263.06,1,False,False,True,False,False,False,0,0.3477054666155553,France,31-40,0.0
447,0,44,5,89188.83,1,1,1,75408.24,0,False,False,False,True,False,False,0,0.52941696635305,France,41-50,47218.0798111779
792,1,30,1,127187.86,1,1,1,113553.42,0,False,False,False,False,False,False,0,0.1277708985816008,France,18-30,16250.90716087084
817,1,59,1,118962.58,1,1,1,120819.58,0,False,False,False,False,True,False,0,0.4185624165034164,France,51-60,49793.264958281
607,0,33,8,91301.72,1,0,1,130824.57,0,False,False,True,False,False,False,0,0.1943370928919223,France,31-40,17743.31084083228
601,1,41,1,123971.16,1,0,1,172814.99,0,False,False,False,True,False,False,0,0.2944802845021846,France,41-50,36507.06246686585
536,1,32,7,178011.5,2,1,0,22375.14,0,False,False,True,False,False,False,0,0.3058293016425427,France,31-40,54441.13272934149
554,0,36,3,157780.93,2,1,0,6089.13,0,True,False,True,False,False,False,0,0.2389391337544856,Germany,31-40,37700.03873717713
577,1,60,10,125389.7,2,1,1,178616.73,0,False,False,False,False,True,False,0,0.3408048642378262,France,51-60,42733.41968532175
608,0,41,5,0.0,2,1,1,72462.25,1,False,False,False,True,False,False,0,0.1540839554879164,France,41-50,0.0
732,1,33,8,0.0,1,1,0,119882.7,1,False,True,True,False,False,False,0,0.3953044700894297,Spain,31-40,0.0
789,0,53,1,158271.74,1,1,1,5036.39,0,False,False,False,False,True,False,1,0.5082363909764939,France,51-60,80439.45793116998
552,0,34,5,0.0,2,1,1,1351.41,1,False,False,True,False,False,False,0,0.0871584366518649,France,31-40,0.0
621,1,40,10,163823.37,1,0,0,89519.47,0,False,False,True,False,False,False,0,0.3745152731256007,France,31-40,61354.35415990633
766,0,52,7,92510.9,2,0,1,66193.61,0,False,False,False,False,True,False,0,0.5159300097360707,France,51-60,47729.14953769266
685,1,43,4,97392.18,2,1,0,43956.83,0,False,True,False,True,False,False,0,0.365719590215727,Spain,41-50,35618.22815981632
649,0,38,8,0.0,1,1,0,103760.53,1,False,True,True,False,False,False,0,0.4136008161114417,Spain,31-40,0.0
493,0,36,2,0.0,2,0,1,99770.3,1,False,False,True,False,False,False,0,0.1091224509818033,France,31-40,0.0
633,1,35,10,0.0,2,1,0,65675.47,1,False,False,True,False,False,False,0,0.074526569186756,France,31-40,0.0
742,1,33,1,137937.95,1,1,1,51387.1,0,True,False,True,False,False,False,0,0.3824009205246811,Germany,31-40,52747.59905528744
604,0,41,10,0.0,2,1,1,166224.39,1,False,True,False,True,False,False,0,0.2030858032602979,Spain,41-50,0.0
759,1,42,4,105420.18,1,0,1,121409.06,0,False,False,False,True,False,False,0,0.346963610902227,France,41-50,36576.96631476273
683,0,35,6,187530.66,2,1,1,37976.36,0,False,False,True,False,False,False,0,0.3136951559346321,France,31-40,58827.459631224476
678,1,28,2,109137.12,1,1,1,58814.41,0,False,False,False,False,False,False,0,0.1438990246645044,France,18-30,15704.725122692977
628,1,31,0,88421.81,1,0,0,72350.47,0,False,False,True,False,False,False,0,0.1807758496755766,France,31-40,15984.527832602396
850,0,36,6,0.0,2,1,1,190194.95,1,False,False,True,False,False,False,0,0.0843845616678163,France,31-40,0.0
724,0,34,2,0.0,2,1,1,118863.38,1,False,False,True,False,False,False,0,0.0681006972676507,France,31-40,0.0
828,1,31,9,0.0,1,0,1,164257.37,1,False,False,True,False,False,False,0,0.283864264563604,France,31-40,0.0
569,0,30,3,139528.23,1,1,1,33230.37,0,False,True,False,False,False,False,0,0.2327963498532061,Spain,18-30,32481.66264547861
677,0,49,3,0.0,2,1,1,187811.71,1,False,False,False,True,False,False,0,0.2482902804182293,France,41-50,0.0
495,0,38,2,63093.01,1,1,1,47089.72,0,False,False,True,False,False,False,0,0.3952040581551876,France,31-40,24934.613593225833
627,0,33,4,83199.05,1,0,0,159334.93,0,True,False,True,False,False,False,0,0.3239418908007054,Germany,31-40,26951.65756982243
597,0,36,9,0.0,2,1,1,7156.09,1,False,False,True,False,False,False,0,0.1687982035901028,France,31-40,0.0
762,1,31,7,117687.35,1,1,1,159344.43,0,False,False,True,False,False,False,0,0.1141941720222061,France,31-40,13439.209490737578
476,0,69,1,105303.73,1,0,1,134260.34,0,False,True,False,False,False,True,0,0.3182207090520083,Spain,60+,33509.82762642123
499,1,35,10,0.0,2,1,0,10722.54,1,False,False,True,False,False,False,0,0.0764464910964924,France,31-40,0.0
642,1,62,7,0.0,2,1,1,61120.75,1,False,False,False,False,False,True,0,0.0875862592140879,France,60+,0.0
562,1,62,3,0.0,2,1,0,105986.01,1,False,False,False,False,False,True,0,0.6600069776915691,France,60+,0.0
542,0,25,7,0.0,2,0,1,82393.08,1,False,False,False,False,False,False,0,0.0512800487812268,France,18-30,0.0
451,0,31,7,140931.82,1,0,1,20388.77,0,False,False,True,False,False,False,0,0.1884306781647831,France,31-40,26555.87841759714
712,0,37,1,106881.5,2,0,0,169386.81,0,False,False,True,False,False,False,0,0.3119944774540129,France,31-40,33346.43774200108
565,1,34,6,0.0,1,1,1,63173.64,1,False,False,True,False,False,False,0,0.3160099589535973,France,31-40,0.0
732,0,36,9,0.0,1,0,0,3749.0,1,False,False,True,False,False,False,1,0.3294276771853296,France,31-40,0.0
771,1,51,5,135506.58,3,1,1,152479.64,0,False,True,False,False,True,False,1,0.7932998375266894,Spain,51-60,107497.34789779733
655,0,41,5,0.0,1,0,0,36548.0,1,False,False,False,True,False,False,1,0.4964693486328607,France,41-50,0.0
683,1,38,3,126152.84,1,0,0,15378.75,0,False,True,True,False,False,False,0,0.2957878542507539,Spain,31-40,37314.47785123868
764,1,38,4,113607.47,1,1,0,91094.46,0,False,True,True,False,False,False,0,0.3104379813851911,Spain,31-40,35268.073657078654
438,1,60,7,78391.17,1,0,1,49424.6,0,False,False,False,False,True,False,0,0.345999214084966,France,51-60,27123.28321120096
762,1,35,9,122929.42,2,0,0,149822.04,0,False,True,True,False,False,False,0,0.1990446006017253,Spain,31-40,24468.437306101743
622,1,39,9,0.0,2,0,1,100862.36,1,False,True,True,False,False,False,0,0.0665322354736688,Spain,31-40,0.0
660,0,33,1,0.0,2,0,0,117834.91,1,False,True,True,False,False,False,0,0.0801640240734951,Spain,31-40,0.0
498,0,30,1,0.0,2,0,0,135795.53,1,False,False,False,False,False,False,0,0.0933484965348014,France,18-30,0.0
591,1,29,6,0.0,2,1,1,108684.65,1,False,False,False,False,False,False,0,0.0449842353393461,France,18-30,0.0
554,0,37,4,58629.97,1,0,0,182038.6,0,True,False,True,False,False,False,0,0.3492274684799653,Germany,31-40,20475.19600015631
506,0,34,4,90307.62,1,1,1,159235.29,0,False,False,True,False,False,False,0,0.210625884869374,France,31-40,19021.122372947175
505,0,25,5,114268.85,2,1,1,126728.27,0,True,False,False,False,False,False,0,0.1439149077911506,Germany,18-30,16444.99101115082
633,0,30,6,0.0,2,0,0,41642.29,1,False,False,False,False,False,False,0,0.059782663620149,France,18-30,0.0
636,0,24,9,0.0,2,0,1,38830.72,1,False,False,False,False,False,False,0,0.065262942103154,France,18-30,0.0
768,0,36,5,180169.44,2,1,0,17348.56,0,False,False,True,False,False,False,0,0.2778924730699235,France,31-40,50067.731253223195
712,1,43,1,141749.74,2,0,1,90905.26,0,True,False,False,True,False,False,0,0.5278057290371784,Germany,41-50,74816.32486153048
593,1,74,5,161434.36,2,1,1,65532.17,0,True,False,False,False,False,True,0,0.1458440888133056,Germany,60+,23544.247137359147
708,1,38,8,99640.89,1,1,0,12429.22,0,False,True,True,False,False,False,0,0.2979058383219818,Spain,31-40,29683.602866598372
529,0,43,0,123815.86,1,1,1,78463.99,0,False,False,False,True,False,False,1,0.4742083189033353,France,41-50,58714.51082417072
579,1,42,0,144386.32,1,1,1,22497.1,0,True,False,False,True,False,False,1,0.5647093809293373,Germany,41-50,81536.3093818652
815,1,24,7,171922.72,1,0,1,178028.96,0,False,False,False,False,False,False,0,0.2051013024184378,France,18-30,35261.573787320405
606,1,40,1,144757.97,2,1,1,166656.18,0,True,False,True,False,False,False,0,0.2580242913377832,Germany,31-40,37351.072624746084
608,0,63,3,139529.93,2,1,1,175696.16,0,False,True,False,False,False,True,1,0.3459301576690815,Spain,60+,48267.610684455896
648,0,40,5,139973.65,1,1,1,667.66,0,True,False,True,False,False,False,1,0.5642862927087342,Germany,31-40,78985.21203540992
482,0,35,5,147813.05,2,0,0,109029.72,0,False,False,True,False,False,False,0,0.259124728269513,France,31-40,38302.016415937935
625,1,45,7,137555.44,1,0,0,124607.7,0,False,False,False,True,False,False,0,0.6383401570980696,France,41-50,87807.16117929408
610,0,27,2,0.0,2,1,0,14546.76,1,False,False,False,False,False,False,0,0.0788345765901464,France,18-30,0.0
548,1,29,5,83442.98,1,0,1,177017.39,0,False,False,False,False,False,False,0,0.170032048324562,France,18-30,14187.98080770546
850,0,32,5,106290.64,1,1,0,121982.73,0,False,False,True,False,False,False,0,0.270162680696879,France,31-40,28715.764235386912
580,1,55,6,104305.74,1,0,1,175750.21,0,False,False,False,False,True,False,0,0.6080364843050858,France,51-60,63421.69544244037
652,1,27,10,107303.72,2,0,0,44435.76,0,False,False,False,False,False,False,0,0.1397749603136753,France,18-30,14998.373204509728
687,0,29,7,93617.07,1,0,1,113050.92,0,False,True,False,False,False,False,0,0.1827519430181415,Spain,18-30,17108.701442165366
539,1,30,0,0.0,2,1,0,160979.66,1,False,False,False,False,False,False,0,0.0704866741455023,France,18-30,0.0
470,1,39,5,117469.91,2,0,0,63705.9,0,True,False,True,False,False,False,0,0.2963548631474227,Germany,31-40,34812.77910199006
514,0,41,7,0.0,2,1,1,3756.65,1,False,False,False,True,False,False,0,0.1493198227784103,France,41-50,0.0
534,1,24,1,0.0,1,1,1,169653.32,1,False,False,False,False,False,False,0,0.2168271552057117,France,18-30,0.0
661,1,37,7,109908.06,2,1,0,115037.67,0,True,False,True,False,False,False,1,0.3529412168153829,Germany,31-40,38791.08443421811
464,1,37,4,155994.15,1,0,0,143665.44,0,True,False,True,False,False,False,0,0.2992965644262715,Germany,31-40,46688.51316559646
627,0,25,4,0.0,1,1,1,194313.93,1,False,True,False,False,False,False,0,0.2626149056167091,Spain,18-30,0.0
781,1,35,7,92526.15,2,1,1,173837.54,0,True,False,True,False,False,False,0,0.1328531214239649,Germany,31-40,12292.38784084199
555,1,41,10,113270.2,2,1,1,185387.14,0,True,False,False,True,False,False,0,0.2711844845871767,Germany,41-50,30717.120806086423
619,1,23,5,132725.1,1,1,1,143913.33,0,True,False,False,False,False,False,0,0.2558271149518527,Germany,18-30,33954.67941469614
775,0,38,6,179886.41,2,0,0,153122.58,0,True,False,True,False,False,False,0,0.2144497151623373,Germany,31-40,38576.58938607542
671,0,44,0,84745.03,2,0,1,34673.98,0,True,False,False,True,False,False,0,0.4211790823266741,Germany,41-50,35692.833967146464
735,1,36,5,0.0,2,1,0,105152.17,1,False,True,True,False,False,False,0,0.0577696012246149,Spain,31-40,0.0
724,0,30,9,142475.87,1,1,1,107848.24,0,False,False,False,False,False,False,0,0.2293670998216749,France,18-30,32679.277096469978
662,0,39,5,139562.05,2,1,0,61636.22,0,False,False,True,False,False,False,0,0.3090284980861249,France,31-40,43128.650701320665
657,0,37,6,95845.6,1,1,0,122218.23,0,False,False,True,False,False,False,0,0.3915861509830598,France,31-40,37531.80959266196
809,1,33,9,0.0,1,1,1,124045.65,1,False,True,True,False,False,False,0,0.2529668500526067,Spain,31-40,0.0
501,1,35,6,99760.84,1,1,1,13591.52,0,False,False,True,False,False,False,0,0.1816037068814259,France,31-40,18116.938345604827
564,0,36,7,206329.65,1,1,1,46632.87,0,False,False,True,False,False,False,1,0.3846607961179147,France,31-40,79366.9274317307
635,1,33,1,0.0,3,0,0,178067.33,1,False,False,True,False,False,False,1,0.6722566511717577,France,31-40,0.0
790,0,33,10,135120.72,1,0,0,195204.99,0,False,False,True,False,False,False,0,0.2614726812113682,France,31-40,35330.376945610544
656,1,37,7,112291.34,1,1,0,153157.97,0,False,False,True,False,False,False,0,0.2777419165977514,France,31-40,31188.011988929742
679,1,60,8,0.0,2,1,1,51380.9,1,False,False,False,False,True,False,0,0.1619263356192474,France,51-60,0.0
692,1,66,4,159732.02,1,1,1,118188.15,0,False,False,False,False,False,True,0,0.219151993872805,France,60+,35005.59066833076
710,1,38,2,0.0,2,1,0,96.27,1,False,False,True,False,False,False,0,0.2430370799063409,France,31-40,0.0
769,0,26,7,0.0,2,1,0,176843.53,1,False,False,False,False,False,False,0,0.0704169995986355,France,18-30,0.0
666,0,34,9,115897.12,1,1,1,25095.03,0,False,False,True,False,False,False,0,0.2159312771344449,France,31-40,25025.813137804016
691,1,52,3,0.0,1,1,0,175843.68,1,False,False,False,False,True,False,1,0.9554241976173636,France,51-60,0.0
604,1,36,6,116229.85,2,1,1,79633.38,0,False,False,True,False,False,False,0,0.1419223940312208,France,31-40,16495.61856988969
544,1,37,3,84496.71,1,0,0,79972.09,0,False,False,True,False,False,False,0,0.2754914383272788,France,31-40,23278.120171822964
609,1,32,7,118520.41,1,0,0,3815.48,0,False,False,True,False,False,False,0,0.1838720376799388,France,31-40,21792.589293361794
597,1,35,0,127510.99,1,1,1,155356.34,0,False,True,True,False,False,False,0,0.1458885217228759,Spain,31-40,18602.38983452041
549,0,25,5,0.0,2,0,0,190857.79,1,False,False,False,False,False,False,0,0.0747621920250604,France,18-30,0.0
722,0,49,3,168197.66,1,1,0,140765.57,0,False,False,False,True,False,False,1,0.7008057255315856,France,41-50,117873.88314901496
806,1,18,3,0.0,2,1,1,86994.54,1,False,True,False,False,False,False,0,0.0733549620536955,Spain,18-30,0.0
517,1,53,0,109172.88,1,1,0,54676.1,0,True,False,False,False,True,False,1,0.929142253565706,Germany,51-60,101437.1357514584
651,1,56,2,0.0,1,1,0,114522.68,1,False,False,False,False,True,False,1,0.9621720229072778,France,51-60,0.0
803,0,40,6,165526.71,1,1,0,12328.08,0,False,False,True,False,False,False,0,0.482424156227859,France,31-40,79854.08340492351
747,1,37,1,0.0,2,0,1,180551.76,1,False,True,True,False,False,False,0,0.0858147860941792,Spain,31-40,0.0
648,1,33,5,138664.24,1,1,0,29076.27,0,True,False,True,False,False,False,0,0.5189933374527025,Germany,31-40,71965.81670294252
438,0,36,4,0.0,2,1,0,64420.5,1,False,False,True,False,False,False,0,0.1065208429526845,France,31-40,0.0
781,0,29,6,98759.89,1,0,0,112202.64,0,False,True,False,False,False,False,0,0.2915051970533224,Spain,18-30,28789.021195414443
610,1,57,6,106938.11,2,0,1,186612.47,0,True,False,False,False,True,False,0,0.5422484125756218,Germany,51-60,57987.02039133723
628,1,39,6,0.0,2,0,0,134441.6,1,False,False,True,False,False,False,0,0.0830170857788682,France,31-40,0.0
601,1,24,7,0.0,2,0,0,144660.42,1,False,True,False,False,False,False,0,0.035012913377607,Spain,18-30,0.0
629,0,31,6,0.0,1,1,1,16447.6,1,False,False,True,False,False,False,1,0.2986474888928933,France,31-40,0.0
738,1,62,10,83008.31,1,1,1,42766.03,0,True,False,False,False,False,True,0,0.4277050398862997,Germany,60+,35503.07253944433
850,1,30,5,123210.56,2,1,1,102180.27,0,True,False,False,False,False,False,0,0.1492846312800606,Germany,18-30,18393.44301940978
587,1,46,9,107850.82,1,1,0,139431.0,0,True,False,False,True,False,False,1,0.89980132390908,Germany,41-50,97044.31062067988
574,1,34,1,112572.39,1,0,0,165626.6,0,False,False,True,False,False,False,0,0.1705964546614774,France,31-40,19204.450626769154
535,0,45,2,0.0,2,0,1,170621.55,1,False,False,False,True,False,False,0,0.265735604881213,France,41-50,0.0
565,1,32,9,0.0,2,1,0,5388.3,1,False,False,True,False,False,False,0,0.0556952637310949,France,31-40,0.0
469,0,52,8,139493.25,3,0,0,150093.32,0,True,False,False,False,True,False,1,0.9386160148887132,Germany,51-60,130930.59841887499
566,1,42,3,108010.78,1,1,1,157486.1,0,False,False,False,True,False,False,0,0.3786585313532902,France,41-50,40899.20332512333
732,0,33,8,111379.55,1,1,1,45098.62,0,False,True,True,False,False,False,0,0.1628274100224996,Spain,31-40,18135.643655971497
459,1,26,4,149879.66,1,0,0,50016.17,0,False,False,False,False,False,False,0,0.2510504510672568,France,18-30,37627.35624880709
798,1,37,8,0.0,3,0,0,110783.28,1,False,False,True,False,False,False,0,0.3917229179593591,France,31-40,0.0
487,0,61,5,110368.03,1,0,0,11384.45,0,True,False,False,False,False,True,1,0.8571682374915338,Germany,60+,94603.96975051273
678,0,38,2,0.0,2,0,0,115068.99,1,False,False,True,False,False,False,0,0.1671546743380102,France,31-40,0.0
850,1,37,6,0.0,2,1,0,109291.22,1,False,False,True,False,False,False,0,0.0784026645485723,France,31-40,0.0
755,0,33,6,90560.3,2,1,1,42607.69,0,True,False,True,False,False,False,0,0.1458666115809359,Germany,31-40,13209.72410475303
743,0,32,6,140348.56,2,1,1,163254.39,0,True,False,True,False,False,False,0,0.1995268809805619,Germany,31-40,28003.31042691325
567,0,46,1,68238.51,2,1,1,109572.58,0,True,False,False,True,False,False,0,0.4468274808205744,Germany,41-50,30490.84151824957
814,0,36,6,0.0,2,1,1,98657.01,1,False,False,True,False,False,False,0,0.0739663631494177,France,31-40,0.0
543,1,42,4,89838.71,3,1,0,85983.54,0,False,False,False,True,False,False,1,0.8192311990699154,France,41-50,73598.67411619441
663,1,44,2,117028.6,2,0,1,144680.18,0,True,False,False,True,False,False,0,0.5459251900935254,Germany,41-50,63888.86070137915
621,1,51,4,109978.83,1,0,0,177740.58,0,True,False,False,False,True,False,1,0.9209700958201552,Germany,51-60,101287.21360328856
666,1,38,6,99812.88,2,1,1,158357.97,0,True,False,True,False,False,False,0,0.191278281304947,Germany,31-40,19092.03613849692
600,1,30,2,119755.0,1,1,1,21852.91,0,True,False,False,False,False,False,0,0.278978401333293,Germany,18-30,33409.058451668505
699,0,41,1,200117.76,2,1,0,94142.35,0,True,False,False,True,False,False,0,0.263919982476648,Germany,41-50,52815.07571246605
569,1,30,6,106629.49,1,0,1,44114.88,0,True,False,False,False,False,False,0,0.3144678679881985,Germany,18-30,33531.54838496893
702,1,36,9,90560.48,2,1,0,174268.87,0,True,False,True,False,False,False,0,0.2031945554374958,Germany,31-40,18401.396473806228
832,0,29,5,0.0,2,1,0,178779.52,1,False,False,False,False,False,False,0,0.0724670058978489,France,18-30,0.0
616,0,66,1,135842.41,1,1,0,183840.51,0,False,False,False,False,False,True,1,0.8052221538987887,France,60+,109383.31797100235
638,0,34,7,0.0,2,1,1,198969.78,1,False,False,True,False,False,False,0,0.0737091232267643,France,31-40,0.0
582,1,29,4,0.0,2,0,0,156153.27,1,False,False,False,False,False,False,0,0.0496610830431068,France,18-30,0.0
627,1,73,0,146329.73,1,0,1,43615.67,0,False,False,False,False,False,True,0,0.1433018595886103,France,60+,20969.32242209926
722,1,30,5,0.0,2,1,0,166376.54,1,False,False,False,False,False,False,0,0.0535691634752176,France,18-30,0.0
483,1,41,1,118334.44,1,0,0,163147.99,0,True,False,False,True,False,False,1,0.705148382820878,Germany,41-50,83443.33899801422
644,0,24,8,92760.55,1,1,0,35896.75,0,False,False,False,False,False,False,0,0.2199369648572394,France,18-30,20401.4738254882
684,1,39,4,207034.96,2,0,0,157694.76,0,False,True,True,False,False,False,1,0.3223524853614131,Spain,31-40,66738.23391270074
850,1,34,6,0.0,1,0,1,52796.31,1,False,False,True,False,False,False,0,0.2894848339847236,France,31-40,0.0
625,0,39,3,130786.92,1,0,1,121316.07,0,False,False,True,False,False,False,0,0.3301988614713801,France,31-40,43185.692079348475
814,0,31,4,0.0,2,1,1,142029.17,1,False,False,True,False,False,False,0,0.0667778384568772,France,31-40,0.0
490,1,33,5,96341.0,2,0,0,108313.34,0,True,False,True,False,False,False,0,0.1343970168857651,Germany,31-40,12947.943003791497
469,1,37,9,96776.49,1,1,1,119890.86,0,False,True,True,False,False,False,0,0.1727978271726274,Spain,31-40,16722.767193393505
592,1,39,7,0.0,2,1,0,83084.33,1,False,False,True,False,False,False,0,0.0949019800607698,France,31-40,0.0
718,1,27,2,0.0,2,0,0,26229.24,1,False,False,False,False,False,False,0,0.0444170750226472,France,18-30,0.0
545,0,26,1,0.0,2,1,1,199638.56,1,False,False,False,False,False,False,0,0.1006584671071467,France,18-30,0.0
726,0,53,1,113537.73,1,0,1,28367.21,0,False,False,False,False,True,False,0,0.6550525595136278,France,51-60,74373.1806378672
660,1,39,9,134599.33,2,1,0,183095.87,0,True,False,True,False,False,False,0,0.3498675674321383,Germany,31-40,47091.940165095635
762,1,32,10,191775.65,1,1,0,179657.83,0,False,False,True,False,False,False,0,0.310187944667759,France,31-40,59486.494710823514
628,1,33,6,0.0,2,0,0,184230.23,1,False,False,True,False,False,False,0,0.080266823743665,France,31-40,0.0
563,0,39,5,0.0,2,1,1,17603.81,1,False,False,True,False,False,False,0,0.1263351249832884,France,31-40,0.0
666,0,32,10,112536.57,2,1,1,34350.54,0,False,False,True,False,False,False,0,0.1929445988676227,France,31-40,21713.323356588142
636,1,43,6,0.0,2,1,0,43128.95,1,False,False,False,True,False,False,0,0.1521496593103734,France,41-50,0.0
850,0,45,5,103909.86,1,1,0,60083.11,0,True,False,False,True,False,False,1,0.7942118268212917,Germany,41-50,82526.43973534465
632,1,60,2,0.0,2,0,1,2085.32,1,False,False,False,False,True,False,0,0.2220557116377578,France,51-60,0.0
756,1,27,8,0.0,2,1,1,157932.75,1,False,False,False,False,False,False,0,0.0289459709787837,France,18-30,0.0
659,0,50,3,0.0,1,1,0,183399.12,1,False,False,False,True,False,False,1,0.854903725728782,France,41-50,0.0
733,0,38,3,157658.36,1,0,0,19658.43,0,False,False,True,False,False,False,0,0.3415798615685208,France,31-40,53852.92078392002
651,1,47,2,0.0,2,1,1,119808.64,1,False,True,False,True,False,False,0,0.1451620318240921,Spain,41-50,0.0
630,0,40,7,0.0,2,1,1,34453.17,1,False,False,True,False,False,False,0,0.1481697855146406,France,31-40,0.0
711,0,32,1,0.0,2,1,0,126188.42,1,False,False,True,False,False,False,0,0.1104269917036072,France,31-40,0.0
593,0,45,6,79259.75,1,1,0,55347.28,0,False,True,False,True,False,False,0,0.6906649608722254,Spain,41-50,54741.932132492366
560,1,50,3,0.0,2,1,0,84531.79,1,False,False,False,True,False,False,0,0.2330546344958185,France,41-50,0.0
704,0,24,7,113034.22,1,1,0,162503.48,0,True,False,False,False,False,False,1,0.4599408639219185,Germany,18-30,51989.0567995402
598,1,38,1,101487.18,1,1,1,75959.1,0,True,False,True,False,False,False,1,0.4845286924976074,Germany,31-40,49173.45063066933
829,1,36,4,81795.74,2,1,0,90106.94,0,True,False,True,False,False,False,0,0.1954115942376982,Germany,31-40,15983.83595525226
592,0,37,7,0.0,2,1,1,126726.33,1,False,False,True,False,False,False,0,0.0850002906691052,France,31-40,0.0
516,0,31,7,0.0,1,1,0,47018.75,1,False,True,True,False,False,False,0,0.4644303397395917,Spain,31-40,0.0
603,0,48,5,0.0,1,1,0,100478.6,1,False,False,False,True,False,False,1,0.8457146580551103,France,41-50,0.0
657,0,22,6,0.0,3,0,1,168412.07,1,False,True,False,False,False,False,1,0.5553303229880242,Spain,18-30,0.0
847,0,41,3,101543.51,4,1,0,16025.17,0,True,False,False,True,False,False,1,0.6926557998555831,Germany,41-50,70334.7011391934
481,0,34,5,0.0,2,1,1,125253.46,1,False,False,True,False,False,False,0,0.0506323172213785,France,31-40,0.0
711,1,38,10,0.0,2,0,0,53311.78,1,False,False,True,False,False,False,0,0.1055277747898462,France,31-40,0.0
678,0,32,5,0.0,2,1,0,90284.47,1,False,False,True,False,False,False,0,0.0851883807887978,France,31-40,0.0
617,0,46,3,106521.49,1,0,1,86587.37,0,False,True,False,True,False,False,0,0.5037406820890016,Spain,41-50,53659.208029736765
756,0,26,5,101641.14,2,0,1,154460.68,0,False,False,False,False,False,False,0,0.1273067124281012,France,18-30,12939.599380844375
808,1,32,1,0.0,2,1,1,46200.71,1,False,False,True,False,False,False,0,0.049166909872597,France,31-40,0.0
574,1,33,8,100267.03,1,1,0,103006.27,0,False,False,True,False,False,False,0,0.2167438483901485,France,31-40,21732.26194885047
688,0,39,0,0.0,2,1,0,53222.15,1,False,False,True,False,False,False,1,0.1839765403412231,France,31-40,0.0
671,0,48,9,116711.06,2,0,0,76373.38,0,True,False,False,True,False,False,0,0.7004918519047478,Germany,41-50,81755.14655716614
582,0,32,4,0.0,2,1,0,59668.81,1,False,False,True,False,False,False,0,0.0699892950326685,France,31-40,0.0
670,0,45,9,104930.38,1,1,0,155921.81,0,False,False,False,True,False,False,1,0.704535976406874,France,41-50,73927.22772804434
795,0,36,1,151844.64,1,1,1,135388.89,0,False,False,True,False,False,False,0,0.210977059749516,France,31-40,32035.73568592375
554,0,30,9,0.0,2,1,1,40320.3,1,False,False,False,False,False,False,0,0.0641961348072883,France,18-30,0.0
484,0,50,2,90408.16,2,0,0,48170.57,0,False,False,False,True,False,False,0,0.666881241139098,France,41-50,60291.50594990215
603,1,51,8,186825.57,1,1,0,93739.71,0,False,False,False,False,True,False,1,0.7979645361473271,France,51-60,149080.17930550998
778,1,33,1,0.0,2,1,0,85439.73,1,False,False,True,False,False,False,0,0.0775530789480892,France,31-40,0.0
661,0,42,9,75361.44,1,1,0,27608.12,0,False,True,False,True,False,False,1,0.6167519030448867,Spain,41-50,46479.311536203044
667,1,44,8,122277.87,1,1,1,91810.71,0,False,False,False,True,False,False,0,0.4436655287068852,France,41-50,54250.47584270177
675,0,21,8,98373.26,1,1,0,18203.0,0,False,False,False,False,False,False,0,0.2325813119021231,France,18-30,22879.78186688865
715,1,42,6,0.0,2,1,1,128745.69,1,False,True,False,True,False,False,0,0.0834773981126888,Spain,41-50,0.0
495,0,40,1,140197.71,2,1,0,150720.39,0,False,False,True,False,False,False,0,0.3793319509611899,France,31-40,53181.47085459112
680,0,30,8,141441.75,1,1,1,16278.97,0,False,False,False,False,False,False,0,0.2037966439683478,France,18-30,28825.353967010054
711,0,52,8,145262.54,1,0,1,131473.31,0,True,False,False,False,True,False,0,0.8317658946433135,Germany,51-60,120824.42654126012
563,0,34,6,0.0,2,0,0,36536.93,1,False,False,True,False,False,False,0,0.0772839492173554,France,31-40,0.0
655,0,37,4,108862.76,1,1,0,79555.08,0,True,False,True,False,False,False,1,0.6181115590081835,Germany,31-40,67289.33030153372
834,0,49,2,131394.56,1,0,0,194365.76,0,False,False,False,True,False,False,1,0.6159720874389184,France,41-50,80935.38140131821
503,0,28,5,0.0,2,1,0,125918.17,1,False,False,False,False,False,False,0,0.0732563714960304,France,18-30,0.0
668,0,30,8,0.0,2,1,0,138465.7,1,False,True,False,False,False,False,0,0.0560076522592285,Spain,18-30,0.0
834,0,57,8,112281.6,3,1,0,140225.14,0,True,False,False,False,True,False,1,0.924323746081996,Germany,51-60,103784.54912808024
526,0,36,0,0.0,2,1,0,97767.63,1,False,False,True,False,False,False,0,0.1416932391550487,France,31-40,0.0
576,1,19,6,0.0,2,0,0,72306.07,1,False,True,False,False,False,False,0,0.0384335154310488,Spain,18-30,0.0
480,0,25,3,174330.35,2,0,0,181647.13,0,True,False,False,False,False,False,0,0.2294794186826216,Germany,18-30,40005.22737673796
670,0,50,8,138340.06,1,0,1,3159.15,0,False,False,False,True,False,False,0,0.5978536311685231,France,41-50,82707.10720707136
660,1,30,7,146301.31,1,0,0,96847.91,0,False,False,False,False,False,False,0,0.2510257173858572,France,18-30,36725.39129724068
651,0,45,6,86714.06,1,1,0,85869.89,0,True,False,False,True,False,False,1,0.7925252396604275,Germany,41-50,68723.08118342869
844,1,56,5,99529.7,1,0,1,157230.06,0,False,True,False,False,True,False,1,0.5114940722137852,Spain,51-60,50908.851559216375
680,1,36,3,116275.12,1,1,1,63795.8,0,False,False,True,False,False,False,0,0.1678328822291711,France,31-40,19514.788521142735
850,0,53,7,65407.16,2,0,0,182633.63,0,False,True,False,False,True,False,1,0.768332707305661,Spain,51-60,50254.46031997454
644,0,44,8,106022.73,2,0,0,148727.42,0,True,False,False,True,False,False,0,0.6001109825796486,Germany,41-50,63625.40467607678
535,0,29,2,112367.34,1,1,0,185630.76,0,False,False,False,False,False,False,0,0.275178006875869,France,18-30,30921.020659143112
655,0,29,9,0.0,2,0,1,85736.26,1,False,True,False,False,False,False,0,0.0524321104445324,Spain,18-30,0.0
609,0,39,8,141675.23,1,0,1,175664.25,0,False,False,True,False,False,False,0,0.3509606044295911,France,31-40,49722.42435350134
633,1,42,10,0.0,1,0,1,79408.17,1,False,True,False,True,False,False,0,0.3654114645952591,Spain,41-50,0.0
550,1,33,4,118400.91,1,0,1,13999.64,0,True,False,True,False,False,False,1,0.3772486149024232,Germany,31-40,44666.57930068647
665,0,27,2,147435.96,1,0,0,187508.06,0,True,False,False,False,False,False,0,0.3670798361766078,Germany,18-30,54120.7680433409
640,1,40,8,110340.68,1,1,1,157886.6,0,False,False,True,False,False,False,0,0.2927302082453859,France,31-40,32300.050234337486
625,0,36,3,0.0,2,1,0,41295.1,1,False,False,True,False,False,False,1,0.1548678592773942,France,31-40,0.0
633,1,40,5,86172.81,2,1,1,117279.49,0,True,False,True,False,False,False,0,0.2891908866646205,Germany,31-40,24920.391330281876
745,1,40,3,88466.82,1,0,0,116331.42,0,False,True,True,False,False,False,0,0.3840866527505864,Spain,31-40,33978.924773288636
777,0,30,4,0.0,2,0,1,115611.97,1,False,False,False,False,False,False,0,0.0710850072612405,France,18-30,0.0
755,1,36,8,0.0,2,1,0,176809.87,1,False,False,True,False,False,False,0,0.0846565331090476,France,31-40,0.0
705,1,30,1,0.0,1,1,1,181300.32,1,False,False,False,False,False,False,0,0.2005982584905561,France,18-30,0.0
786,0,29,4,0.0,2,1,0,103372.79,1,False,False,False,False,False,False,0,0.0692962193052865,France,18-30,0.0
758,1,68,6,112595.85,1,1,0,35865.44,0,True,False,False,False,False,True,1,0.7170813039249692,Germany,60+,80740.37893454025
604,1,27,9,101352.78,1,0,0,30252.3,0,False,True,False,False,False,False,0,0.2286474255260731,Spain,18-30,23174.05221691047
797,1,30,10,69413.44,1,1,1,74637.57,0,False,False,False,False,False,False,0,0.1469544051743197,France,18-30,10200.61078630333
489,0,31,7,139395.08,1,0,1,6120.84,0,False,False,True,False,False,False,0,0.1946710770428565,France,31-40,27136.190358075142
621,1,41,5,104631.67,1,1,1,95551.22,0,False,True,False,True,False,False,0,0.2069581699703052,Spain,41-50,21654.378944136883
608,1,26,1,106648.98,1,0,1,7063.6,0,True,False,False,False,False,False,0,0.2406754568317808,Germany,18-30,25667.79198214345
480,0,42,1,152160.21,2,1,0,101778.9,0,False,False,False,True,False,False,0,0.4642902485248062,France,41-50,70646.5017164867
504,1,42,7,131287.36,2,1,1,149697.78,0,True,False,False,True,False,False,0,0.3072253815301172,Germany,41-50,40334.809266081844
663,0,22,9,0.0,1,1,0,29135.89,1,False,True,False,False,False,False,1,0.2627018213527928,Spain,18-30,0.0
632,0,32,1,0.0,2,1,0,19525.65,1,False,True,True,False,False,False,0,0.1156128369276097,Spain,31-40,0.0
845,1,33,8,164385.53,1,1,0,150664.97,0,False,False,True,False,False,False,0,0.2502452015634406,France,31-40,41136.69008896301
587,0,39,6,101851.8,2,1,0,7103.71,0,True,False,True,False,False,False,0,0.3596153385995653,Germany,31-40,36627.4695439752
568,1,46,8,150836.92,1,0,0,64516.8,0,True,False,False,True,False,False,1,0.8431104474211825,Germany,41-50,127172.18310883311
766,0,28,4,90696.78,1,0,1,21597.2,0,True,False,False,False,False,False,0,0.2511917684277467,Germany,18-30,22782.284558902287
633,1,59,2,103996.74,1,1,1,103159.11,0,False,False,False,False,True,False,0,0.5020802744755607,France,51-60,52214.711763763524
746,0,37,4,0.0,2,0,1,171039.56,1,False,False,True,False,False,False,0,0.1117574739372523,France,31-40,0.0
768,1,25,6,0.0,2,1,1,21215.67,1,False,False,False,False,False,False,0,0.0335830191534349,France,18-30,0.0
635,1,38,0,103257.14,1,0,0,158344.63,0,False,True,True,False,False,False,0,0.2653349411539711,Spain,31-40,27397.727165627355
529,0,27,1,0.0,2,1,1,37769.98,1,False,False,False,False,False,False,0,0.0702702774190293,France,18-30,0.0
625,1,39,2,0.0,2,1,0,100403.05,1,False,False,True,False,False,False,0,0.0939395487747164,France,31-40,0.0
697,0,42,10,0.0,2,1,0,61312.15,1,False,False,False,True,False,False,0,0.2959573507592313,France,41-50,0.0
673,0,25,3,108244.82,2,1,1,103573.96,0,True,False,False,False,False,False,0,0.1581669459305254,Germany,18-30,17120.752592199457
708,1,42,9,176702.36,2,1,1,104804.74,0,True,False,False,True,False,False,0,0.2317221506886798,Germany,41-50,40945.85089096534
697,0,33,1,87347.7,1,1,0,172524.51,0,False,False,True,False,False,False,0,0.2829565986436734,France,31-40,24715.60809134799
573,1,26,8,86270.93,2,1,1,90177.3,0,False,False,False,False,False,False,0,0.1120905331856734,France,18-30,9670.154542123906
682,1,46,7,128029.72,1,1,1,62615.35,0,False,True,False,True,False,False,0,0.3598967332565304,Spain,41-50,46077.47798774827
647,1,44,4,93960.35,1,1,0,36579.53,0,True,False,False,True,False,False,1,0.7781154248988306,Germany,41-50,73111.99766389283
797,0,33,10,83555.58,1,0,0,69767.14,0,True,False,True,False,False,False,0,0.3553076394317049,Germany,31-40,29687.935891146975
651,1,37,9,114453.58,1,0,1,175820.91,0,True,False,True,False,False,False,0,0.5025231689116558,Germany,31-40,57515.575714883715
501,1,43,6,104533.24,1,0,0,81123.59,0,False,True,False,True,False,False,1,0.5064148985774304,Spain,41-50,52937.19013257019
727,0,26,9,121508.28,1,1,1,146785.44,0,False,False,False,False,False,False,0,0.2561168493483197,France,18-30,31120.317843333447
683,1,56,7,50911.21,3,0,0,97629.31,0,False,True,False,False,True,False,1,0.9007975568408892,Spain,51-60,45860.693583813445
770,0,33,6,0.0,2,1,1,126131.9,1,False,False,True,False,False,False,0,0.0526612333965937,France,31-40,0.0
568,0,26,6,0.0,2,0,0,166495.2,1,False,True,False,False,False,False,0,0.0686603812855121,Spain,18-30,0.0
577,1,48,6,179852.26,1,1,0,193580.32,0,False,True,False,True,False,False,0,0.6039969825296461,Spain,41-50,108630.22234113737
608,1,34,3,106288.54,1,1,1,36639.25,0,True,False,True,False,False,False,0,0.3770454792898309,Germany,31-40,40075.61350731636
679,0,28,9,0.0,2,0,1,61761.77,1,False,True,False,False,False,False,0,0.0628717258021179,Spain,18-30,0.0
544,0,45,6,0.0,2,0,1,151401.33,1,False,False,False,True,False,False,0,0.2538145755585624,France,41-50,0.0
620,1,29,9,0.0,2,1,0,13133.88,1,False,True,False,False,False,False,0,0.0467807449511629,Spain,18-30,0.0
588,0,30,0,110148.49,1,1,0,5790.9,0,True,False,False,False,False,False,1,0.5725748557714911,Germany,18-30,63068.25577519754
757,1,31,1,127320.36,3,1,0,163170.32,0,True,False,True,False,False,False,0,0.7480018599756129,Germany,31-40,95235.86609276463
775,1,30,4,0.0,2,0,1,57461.13,1,False,True,False,False,False,False,0,0.0474750250213828,Spain,18-30,0.0
718,0,44,1,133866.22,1,0,1,139049.24,0,False,False,False,True,False,False,0,0.5251627874552721,France,41-50,70301.5572413007
690,1,35,6,112689.95,1,1,0,176962.31,0,False,False,True,False,False,False,0,0.3035048074190711,France,31-40,34201.94157281475
613,0,21,7,105627.95,1,1,1,36560.51,0,False,False,False,False,False,False,0,0.1482288779401169,France,18-30,15657.112507614771
699,0,43,3,80764.03,1,1,0,199378.58,0,False,False,False,True,False,False,1,0.5630120230291724,France,41-50,45471.11991828877
727,1,43,2,97403.18,1,1,1,107415.02,0,False,True,False,True,False,False,1,0.374553924321246,Spain,41-50,36482.7433103687
850,1,66,4,0.0,2,0,1,64350.8,1,False,False,False,False,False,True,0,0.0478676559180852,France,60+,0.0
581,1,31,3,0.0,2,0,0,89040.61,1,False,False,True,False,False,False,0,0.0601914413052926,France,31-40,0.0
513,0,42,10,0.0,2,0,1,73151.25,1,False,True,False,True,False,False,0,0.1741904620709563,Spain,41-50,0.0
620,1,61,5,0.0,1,0,0,31641.52,1,False,False,False,False,False,True,1,0.8884253952676897,France,60+,0.0
726,0,38,5,126875.62,1,1,0,128052.29,0,False,False,True,False,False,False,0,0.3955676110115397,France,31-40,50187.885899007924
709,0,34,2,111669.68,1,1,0,57029.66,0,False,False,True,False,False,False,0,0.296864363746726,France,31-40,33150.74850300049
804,1,24,3,0.0,2,1,0,173195.33,1,False,False,False,False,False,False,0,0.0530760160753172,France,18-30,0.0
850,0,28,9,0.0,2,1,0,185821.41,1,False,False,False,False,False,False,0,0.0794525184409524,France,18-30,0.0
670,0,31,2,57530.06,1,1,1,181893.31,0,False,False,True,False,False,False,1,0.2648070577502957,France,31-40,15234.365920797978
841,0,31,3,162701.65,2,1,1,126794.56,0,False,False,True,False,False,False,0,0.1300476583621225,France,31-40,21158.96859415363
628,0,45,6,53667.44,1,1,0,115022.94,0,True,False,False,True,False,False,0,0.6333289706880895,Germany,41-50,33989.1445346648
675,1,49,8,135133.39,1,0,1,179521.24,0,False,False,False,True,False,False,1,0.5235182491030225,France,41-50,70744.79572815589
567,1,40,7,122265.24,1,1,0,138552.74,0,True,False,True,False,False,False,0,0.6850806516857895,Germany,31-40,83761.55029771946
672,0,40,3,0.0,1,1,0,113171.61,1,False,False,True,False,False,False,1,0.5421161671569975,France,31-40,0.0
581,0,46,1,0.0,2,1,0,104272.04,1,False,True,False,True,False,False,0,0.2560028212580972,Spain,41-50,0.0
584,0,29,4,0.0,2,1,0,88866.92,1,False,True,False,False,False,False,0,0.0554017653615994,Spain,18-30,0.0
644,1,28,0,0.0,2,1,0,119419.37,1,False,True,False,False,False,False,0,0.0846192879749711,Spain,18-30,0.0
661,0,27,3,0.0,2,1,1,76889.79,1,False,False,False,False,False,False,0,0.069602002044898,France,18-30,0.0
667,0,24,4,0.0,2,0,1,34335.55,1,False,False,False,False,False,False,0,0.0685271691398323,France,18-30,0.0
630,1,30,3,0.0,2,0,1,10486.69,1,False,True,False,False,False,False,0,0.0537181101856098,Spain,18-30,0.0
656,1,43,7,134919.85,1,1,0,194691.95,0,False,False,False,True,False,False,0,0.5761911173296711,France,41-50,77739.61912145163
686,0,31,1,0.0,2,1,0,4802.25,1,False,False,True,False,False,False,0,0.1271732145925098,France,31-40,0.0
730,1,38,0,38848.19,2,0,0,94003.11,0,True,False,True,False,False,False,0,0.2137953019773498,Germany,31-40,8305.560512323462
664,1,58,5,98668.18,1,1,1,60887.58,0,False,False,False,False,True,False,0,0.4515730042696861,France,51-60,44555.886468422155
616,0,41,1,103560.57,1,1,0,236.45,0,True,False,False,True,False,False,1,0.5747241376154054,Germany,41-50,59518.75928420983
718,1,63,7,123204.88,1,1,1,100538.8,0,True,False,False,False,False,True,0,0.6449072693188682,Germany,60+,79455.72272755884
717,1,53,6,0.0,2,0,1,97614.87,1,False,False,False,False,True,False,0,0.2019305348956947,France,51-60,0.0
656,1,35,6,0.0,2,1,0,1485.27,1,False,False,True,False,False,False,0,0.0892863601933199,France,31-40,0.0
687,0,31,2,0.0,2,0,1,145411.39,1,False,False,True,False,False,False,0,0.1037927711617953,France,31-40,0.0
649,0,52,8,49113.75,1,1,0,41858.43,0,False,False,False,False,True,False,0,0.8962569656743685,France,51-60,44018.54054788952
697,0,45,1,0.0,2,1,0,46807.62,1,False,False,False,True,False,False,1,0.2373316587607219,France,41-50,0.0
659,1,36,2,76190.48,2,1,1,149066.14,0,True,False,True,False,False,False,0,0.1015336828396732,Germany,31-40,7735.9000317224645
587,1,33,8,148163.57,1,0,0,122925.4,0,False,False,True,False,False,False,0,0.2103344690578056,France,31-40,31163.905829659016
613,1,44,3,0.0,2,0,1,136491.72,1,False,False,False,True,False,False,0,0.1473727406011839,France,41-50,0.0
733,1,33,3,0.0,1,1,1,7666.73,1,False,False,True,False,False,False,0,0.2532042110620021,France,31-40,0.0
517,1,46,4,0.0,1,1,0,22372.78,1,False,True,False,True,False,False,0,0.7400371892436715,Spain,41-50,0.0
584,0,66,5,0.0,1,1,0,49553.38,1,False,False,False,False,False,True,1,0.811392563995559,France,60+,0.0
728,0,43,5,0.0,1,1,1,120088.17,1,False,True,False,True,False,False,0,0.4529815029632539,Spain,41-50,0.0
777,0,34,5,96693.66,1,1,1,172618.52,0,True,False,True,False,False,False,0,0.3514286691665719,Germany,31-40,33980.92425064499
619,0,44,6,52831.13,1,1,1,112649.22,0,False,True,False,True,False,False,1,0.502268373674865,Spain,41-50,26535.40574450537
733,1,36,1,0.0,2,0,1,108377.82,1,False,True,True,False,False,False,0,0.0547114310085823,Spain,31-40,0.0
430,1,31,5,0.0,1,1,0,95655.16,1,False,False,True,False,False,False,0,0.4241796872078213,France,31-40,0.0
580,1,45,8,103741.14,1,1,0,47428.73,0,True,False,False,True,False,False,1,0.8772064650024348,Germany,41-50,91002.3986947227
665,1,32,1,132178.67,1,0,0,11865.76,0,True,False,True,False,False,False,0,0.4524655980182588,Germany,31-40,59806.30096680809
502,1,45,0,0.0,1,0,0,84663.21,1,False,False,False,True,False,False,0,0.6557723582948009,France,41-50,0.0
585,1,56,4,138227.19,2,1,1,55287.84,0,False,False,False,False,True,False,0,0.507018761651056,France,51-60,70083.77870030522
626,1,44,10,0.0,2,0,0,164287.86,1,False,False,False,True,False,False,0,0.2509941542913427,France,41-50,0.0
753,0,47,1,131160.85,1,1,0,197444.69,0,True,False,False,True,False,False,0,0.7735753413135225,Germany,41-50,101462.79930572172
535,0,49,3,0.0,1,0,0,61820.41,1,False,False,False,True,False,False,1,0.867095278126889,France,41-50,0.0
751,1,52,8,0.0,2,0,1,179291.85,1,False,True,False,False,True,False,0,0.2175228079686782,Spain,51-60,0.0
478,0,36,3,92363.3,2,1,0,44912.7,0,False,True,True,False,False,False,0,0.2578259603169714,Spain,31-40,23813.656520544526
643,0,45,4,45144.43,1,1,0,60917.24,0,False,False,False,True,False,False,1,0.7593947735067286,France,41-50,34282.44419494036
743,1,59,5,108585.35,1,1,1,192127.22,0,True,False,False,False,True,False,1,0.6952573336520669,Germany,51-60,75494.76091467646
699,1,53,4,0.0,2,0,1,111307.98,1,False,False,False,False,True,False,0,0.2261966604223785,France,51-60,0.0
668,1,46,0,0.0,2,0,0,29388.02,1,False,False,False,True,False,False,0,0.180577488798939,France,41-50,0.0
500,1,38,7,0.0,2,0,0,192013.23,1,False,True,True,False,False,False,0,0.1124113407829151,Spain,31-40,0.0
555,0,62,10,114822.64,1,0,1,8444.5,0,True,False,False,False,False,True,0,0.6778744847336151,Germany,60+,77835.33792575338
581,1,50,2,143829.2,2,1,0,181224.24,0,True,False,False,True,False,False,1,0.6646634713133344,Germany,41-50,95598.01534821984
559,0,42,7,0.0,2,1,1,190040.29,1,False,False,False,True,False,False,0,0.2241605240428472,France,41-50,0.0
514,1,45,1,178827.79,1,1,0,60375.18,0,False,False,False,True,False,False,0,0.7052115883535385,France,41-50,126111.42982765303
521,0,32,2,136555.01,2,1,1,129353.21,0,False,False,True,False,False,False,0,0.1743751356842612,France,31-40,23811.798397115646
737,0,39,7,130051.66,2,0,0,55356.39,0,False,True,True,False,False,False,1,0.2865617486972538,Spain,31-40,37267.8311105807
699,1,31,8,125927.51,2,1,0,147661.47,0,False,True,True,False,False,False,0,0.2091462839701849,Spain,31-40,26337.270766118298
737,0,32,7,128551.36,2,0,1,189402.71,0,False,False,True,False,False,False,0,0.1511377307516017,France,31-40,19428.96083543222
603,1,24,1,165149.13,2,1,0,21858.28,0,False,True,False,False,False,False,0,0.2162252190473923,Spain,18-30,35709.40680973627
752,1,30,4,81523.38,1,1,1,36885.85,0,True,False,False,False,False,False,0,0.1320162173666315,Germany,18-30,10762.408254542499
524,0,28,7,0.0,2,0,1,147100.72,1,False,False,False,False,False,False,0,0.0642452692473097,France,18-30,0.0
608,0,38,9,102406.76,1,0,1,57600.66,0,False,True,True,False,False,False,0,0.2493210050270772,Spain,31-40,25532.15632476669
603,1,35,6,128993.76,2,1,0,130483.56,0,False,False,True,False,False,False,0,0.2016180536431494,France,31-40,26007.470823311538
720,1,52,7,0.0,1,1,1,14781.12,1,False,False,False,False,True,False,0,0.6566083451421134,France,51-60,0.0
633,1,29,6,117412.35,1,0,0,30338.94,0,True,False,False,False,False,False,0,0.4903810945618322,Germany,18-30,57576.796708076945
660,0,28,3,128929.88,1,1,1,198069.71,0,False,True,False,False,False,False,0,0.2494480650096607,Spain,18-30,32161.309087927755
526,0,36,5,91132.18,1,0,0,58111.71,0,False,True,True,False,False,False,0,0.3503020381730152,Spain,31-40,31923.78839715009
691,0,34,7,0.0,2,0,1,161559.12,1,False,False,True,False,False,False,0,0.0710028112389378,France,31-40,0.0
705,0,56,2,143249.67,1,1,0,88428.41,0,True,False,False,False,True,False,1,0.9360822925510768,Germany,51-60,134093.4795007852
586,0,33,10,66948.67,2,1,1,140759.03,0,False,True,True,False,False,False,0,0.1834129893254532,Spain,31-40,12279.255696063288
465,0,51,8,122522.32,1,0,0,181297.65,0,False,False,False,False,True,False,1,0.7922115616492066,France,51-60,97063.59846408383
597,1,67,2,0.0,2,0,1,108645.85,1,False,False,False,False,False,True,0,0.0682437770822619,France,60+,0.0
683,0,43,4,115888.04,1,1,1,117349.19,0,True,False,False,True,False,False,1,0.7245296010205609,Germany,41-50,83964.31538425479
794,1,31,0,144880.34,2,0,1,175643.44,0,False,True,True,False,False,False,0,0.124687528706232,Spain,31-40,18064.771552718652
569,1,41,4,120243.49,1,1,0,163150.03,0,False,False,False,True,False,False,1,0.46457573506499,France,41-50,55862.20775352978
565,1,31,2,89558.39,2,1,1,4441.54,0,True,False,True,False,False,False,0,0.0983477755133586,Germany,31-40,8807.86843505782
674,0,26,10,0.0,2,1,1,138423.1,1,False,False,False,False,False,False,0,0.0823506564723697,France,18-30,0.0
850,0,40,7,104449.8,1,1,1,747.88,0,True,False,True,False,False,False,0,0.4529753183609384,Germany,31-40,47313.181407736345
660,1,35,8,58641.43,1,0,1,198674.08,0,True,False,True,False,False,False,0,0.3214467423466413,Germany,31-40,18850.0966400486
677,1,56,5,123959.97,1,1,1,60590.72,0,False,True,False,False,True,False,1,0.5490934620288839,Spain,51-60,68065.60908029658
690,1,32,0,106683.52,2,1,1,137916.49,0,True,False,True,False,False,False,0,0.1881741611025046,Germany,31-40,20075.081879462272
755,1,42,2,119919.12,1,1,0,156868.21,0,False,False,False,True,False,False,0,0.5482823731871705,France,41-50,65749.53970411708
670,1,33,2,141204.65,2,1,0,76257.46,0,False,False,True,False,False,False,0,0.1634386483706557,France,31-40,23078.297139651506
713,0,52,0,185891.54,1,1,1,46369.57,0,False,False,False,False,True,False,1,0.5893846114750414,France,51-60,109561.61307939712
628,0,28,3,153538.13,2,1,0,110776.01,0,True,False,False,False,False,False,0,0.1713579499030683,Germany,18-30,26309.97918875079
738,1,58,2,133745.44,4,1,0,28373.86,0,True,False,False,False,True,False,1,0.9275606824231776,Germany,51-60,124057.01159738815
813,1,59,2,135078.41,1,1,0,187636.06,0,True,False,False,False,True,False,1,0.8632875141470864,Germany,51-60,116611.50478384094
560,0,38,5,83714.41,1,1,1,33245.97,0,False,False,True,False,False,False,0,0.3050453527076743,France,31-40,25536.69172516486
718,0,37,7,0.0,2,1,1,55100.09,1,False,False,True,False,False,False,0,0.1242755795596554,France,31-40,0.0
687,1,44,8,95368.14,2,1,1,1787.85,0,True,False,False,True,False,False,0,0.4767586268986438,Germany,41-50,45467.58347627763
576,0,55,6,44582.07,3,0,1,67539.85,0,False,False,False,False,True,False,1,0.7997263047644787,France,51-60,35653.454099851326
528,1,37,6,103772.45,1,1,0,197111.99,0,False,False,True,False,False,False,0,0.2884046820820201,France,31-40,29928.460451122322
560,0,44,5,143244.97,1,1,0,98661.27,0,False,False,False,True,False,False,0,0.7064006879167916,France,41-50,101188.34534862018
628,1,37,0,0.0,2,1,1,171707.93,1,False,False,True,False,False,False,0,0.0760560342598542,France,31-40,0.0
831,1,30,2,0.0,2,0,1,3430.38,1,False,False,False,False,False,False,0,0.0584012238841444,France,18-30,0.0
641,1,31,3,153316.14,1,1,0,59927.99,0,False,True,True,False,False,False,0,0.29484537728942,Spain,31-40,45204.55514285754
521,0,49,2,127948.57,1,1,1,182765.14,0,True,False,False,True,False,False,0,0.8050900111514685,Germany,41-50,103010.11564811446
566,0,40,2,97001.36,2,1,0,154486.01,0,True,False,True,False,False,False,0,0.4101328943351882,Germany,31-40,39783.44853124955
673,0,37,8,0.0,2,1,1,183318.79,1,False,True,True,False,False,False,0,0.0898122258645138,Spain,31-40,0.0
580,0,35,8,0.0,2,0,1,10357.03,1,False,False,True,False,False,False,0,0.1240713294022127,France,31-40,0.0
655,1,27,10,0.0,2,1,0,51620.94,1,False,False,False,False,False,False,0,0.0484456450241802,France,18-30,0.0
565,0,32,9,68067.24,1,1,0,143287.58,0,True,False,True,False,False,False,0,0.2877492636973228,Germany,31-40,19586.298191908958
523,1,63,6,116227.27,1,1,1,119404.63,0,True,False,False,False,False,True,0,0.6153257699360168,Germany,60+,71517.63440031132
688,0,32,5,0.0,2,0,1,177607.77,1,False,False,True,False,False,False,0,0.0940055210104526,France,31-40,0.0
664,0,41,5,0.0,1,1,1,152054.33,1,False,False,False,True,False,False,0,0.5137820791681884,France,41-50,0.0
690,1,49,8,116622.73,1,0,1,51011.29,0,False,True,False,True,False,False,0,0.3870379707005408,Spain,41-50,45137.42475675708
538,1,25,5,62482.95,1,1,1,102758.43,0,True,False,False,False,False,False,0,0.1095514888847171,Germany,18-30,6845.100202409333
566,0,44,5,141428.99,2,0,0,68408.74,0,True,False,False,True,False,False,0,0.561878581158479,Germany,41-50,79465.9202358767
684,1,45,6,148071.39,1,1,0,183575.01,0,False,False,False,True,False,False,0,0.6207253979024612,France,41-50,91911.67247572052
609,0,53,6,0.0,2,1,1,124218.27,1,False,False,False,False,True,False,0,0.3203229214958183,France,51-60,0.0
668,1,47,7,106854.21,1,0,1,157959.02,0,True,False,False,True,False,False,1,0.815958354326964,Germany,41-50,87188.58534450782
624,0,62,7,125163.62,2,1,1,151411.5,0,False,False,False,False,False,True,0,0.4018158386723565,France,60+,50292.72494156813
623,1,45,0,0.0,1,1,0,196533.72,1,False,False,False,True,False,False,1,0.7105500402464177,France,41-50,0.0
595,1,29,6,150685.79,1,1,0,87771.06,0,False,False,False,False,False,False,0,0.2892168997360047,France,18-30,43580.877018070656
665,0,32,10,0.0,1,1,1,22487.45,1,False,True,True,False,False,False,0,0.3065737424594814,Spain,31-40,0.0
700,0,37,7,0.0,2,1,0,17040.82,1,False,False,True,False,False,False,0,0.1446581143809713,France,31-40,0.0
594,0,53,4,0.0,1,1,0,5408.74,1,False,False,False,False,True,False,1,0.89717621799624,France,51-60,0.0
795,1,38,7,125903.22,2,1,1,127068.92,0,True,False,True,False,False,False,0,0.2419853776869871,Germany,31-40,30466.73824370783
484,0,32,3,0.0,2,1,1,139390.99,1,False,False,True,False,False,False,0,0.0645428007489492,France,31-40,0.0
742,0,36,2,129748.54,2,0,0,47271.61,0,True,False,True,False,False,False,1,0.2527055597910675,Germany,31-40,32788.177432773715
499,0,55,4,126817.65,2,1,0,123269.71,0,True,False,False,False,True,False,0,0.9266663418245276,Germany,51-60,117517.64780428329
669,1,45,7,149364.58,1,0,1,173454.07,0,False,False,False,True,False,False,0,0.5144468324633154,France,41-50,76840.13506321346
560,0,33,9,0.0,1,0,1,183358.21,1,False,True,True,False,False,False,0,0.3685797216599022,Spain,31-40,0.0
650,0,23,5,0.0,1,1,1,180622.43,1,False,True,False,False,False,False,0,0.2316297101611534,Spain,18-30,0.0
619,1,52,8,0.0,2,1,1,123242.11,1,False,True,False,False,True,False,0,0.2063777436295482,Spain,51-60,0.0
652,1,71,4,0.0,1,1,1,120107.1,1,False,True,False,False,False,True,0,0.21979979422011,Spain,60+,0.0
705,0,24,5,177799.83,2,0,0,79886.06,0,False,True,False,False,False,False,0,0.3194897592479101,Spain,18-30,56805.22488101934
778,0,47,6,127299.34,2,1,0,124694.99,0,False,True,False,True,False,False,0,0.6061873554492453,Spain,41-50,77167.25026503432
629,1,28,8,108601.0,1,1,1,119647.7,0,True,False,False,False,False,False,0,0.2788425679922663,Germany,18-30,30282.581726528115
596,0,39,10,86546.29,1,0,1,131768.98,0,False,False,True,False,False,False,0,0.356034857469505,France,31-40,30813.49602466444
754,1,37,6,0.0,1,1,1,116141.72,1,False,False,True,False,False,False,0,0.2838422673583072,France,31-40,0.0
776,1,30,6,0.0,2,0,1,63908.86,1,False,True,False,False,False,False,0,0.0433936891997131,Spain,18-30,0.0
615,0,44,9,126104.98,2,0,1,110718.02,0,True,False,False,True,False,False,0,0.5484037840401284,Germany,41-50,69156.44821830471
684,0,44,2,133776.86,2,0,1,49865.04,0,True,False,False,True,False,False,0,0.5265248231382847,Germany,41-50,70436.83755149507
513,0,49,5,171601.27,1,1,0,126223.84,0,True,False,False,True,False,False,0,0.7040353636782989,Germany,41-50,120813.36253210796
705,0,46,5,89364.91,1,0,1,139162.15,0,False,True,False,True,False,False,0,0.5314484680675547,Spain,41-50,47492.84451849491
489,1,58,4,0.0,2,1,1,191419.32,1,False,True,False,False,True,False,0,0.3434356907434818,Spain,51-60,0.0
721,1,40,3,0.0,1,1,1,144874.67,1,False,False,True,False,False,False,0,0.3745580238614943,France,31-40,0.0
690,1,36,7,101583.11,2,1,0,123775.15,0,False,False,True,False,False,False,0,0.2470273404669844,France,31-40,25093.80549966513
683,1,36,5,115350.63,1,1,1,122305.91,0,False,False,True,False,False,False,0,0.1628795629020676,France,31-40,18788.260194878127
465,1,33,5,0.0,2,0,1,78698.09,1,False,False,True,False,False,False,0,0.0472089812171692,France,31-40,0.0
850,1,27,6,96654.72,2,0,0,152740.16,0,False,False,False,False,False,False,0,0.1476051934741313,France,18-30,14266.73864578799
627,0,39,5,124586.93,1,1,0,93132.61,0,True,False,True,False,False,False,1,0.6864937073883843,Germany,31-40,85528.14346783712
669,0,47,9,61196.54,1,1,0,58170.24,0,False,False,False,True,False,False,0,0.7732733085001853,France,41-50,47321.65095456393
762,1,36,5,119547.46,1,1,1,42693.65,0,False,False,True,False,False,False,0,0.1519484542662067,France,31-40,18165.051758451176
448,0,36,6,83947.12,2,1,0,81999.53,0,False,False,True,False,False,False,0,0.2840414293688569,France,31-40,23844.459956198953
813,0,25,5,123616.43,1,0,1,132959.33,0,True,False,False,False,False,False,0,0.375064027211475,Germany,18-30,46364.076065305395
601,1,42,1,98495.72,1,1,0,40014.76,0,True,False,False,True,False,False,1,0.6576944068222693,Germany,41-50,64780.08413993233
723,1,28,4,0.0,2,1,1,123885.88,1,False,False,False,False,False,False,0,0.0474643249112396,France,18-30,0.0
850,0,35,7,114285.2,1,0,1,129660.59,0,True,False,True,False,False,False,0,0.5179541006926496,Germany,31-40,59194.487988479596
601,1,47,1,64430.06,2,0,1,96517.97,0,False,False,False,True,False,False,0,0.5152537321188907,France,41-50,33197.82887564405
707,0,35,9,0.0,2,1,1,70403.65,1,False,False,True,False,False,False,0,0.0866970724929419,France,31-40,0.0
461,0,35,5,0.0,1,1,1,54209.02,1,False,False,True,False,False,False,0,0.3335033419382817,France,31-40,0.0
596,1,67,6,0.0,2,1,1,138350.74,1,False,True,False,False,False,True,0,0.0650175100081723,Spain,60+,0.0
730,1,26,6,0.0,2,1,1,185808.7,1,False,True,False,False,False,False,0,0.0349459762972867,Spain,18-30,0.0
540,1,28,8,0.0,2,0,0,197588.32,1,False,True,False,False,False,False,0,0.0566563812328899,Spain,18-30,0.0
631,1,27,10,134169.62,1,1,1,176730.02,0,False,True,False,False,False,False,0,0.2220570296529892,Spain,18-30,29793.30728687029
817,1,45,9,101207.75,1,0,0,88211.12,0,True,False,False,True,False,False,1,0.7992099900958173,Germany,41-50,80886.24487511996
583,1,40,3,0.0,2,1,0,47728.0,1,False,False,True,False,False,False,0,0.1002367884931229,France,31-40,0.0
683,0,32,0,138171.1,2,1,1,188203.58,0,True,False,True,False,False,False,0,0.1932818876804883,Germany,31-40,26705.971030889516
662,0,41,4,0.0,2,1,0,126551.48,1,False,False,False,True,False,False,0,0.2008359520848926,France,41-50,0.0
559,1,33,9,111060.05,2,1,0,110371.84,0,False,False,True,False,False,False,0,0.1945487178339025,France,31-40,21606.590330069106
538,0,28,6,164365.44,1,0,1,5698.97,0,True,False,False,False,False,False,0,0.2909632498053553,Germany,18-30,47824.30257808714
670,0,38,4,119624.54,2,1,1,110472.12,0,False,False,True,False,False,False,0,0.25139328050202,France,31-40,30072.80553914511
638,1,36,6,188455.19,1,0,0,47031.4,0,False,False,True,False,False,False,1,0.3870602760781809,France,31-40,72943.51786976603
702,0,29,10,88378.6,1,1,0,88550.28,0,False,False,False,False,False,False,0,0.2759690251077163,France,18-30,24389.756082384818
742,0,21,1,114292.48,1,1,0,31520.4,0,True,False,False,False,False,False,0,0.5709606145688937,Germany,18-30,65256.504621402986
731,1,43,2,0.0,1,1,1,170034.95,1,False,False,False,True,False,False,1,0.4685354369653641,France,41-50,0.0
559,0,43,1,0.0,1,0,1,86634.3,1,False,False,False,True,False,False,0,0.6283034877281619,France,41-50,0.0
607,1,36,10,106702.94,2,0,0,198313.69,0,True,False,True,False,False,False,0,0.2545069276763336,Germany,31-40,27156.637433432163
547,1,55,4,111362.76,3,1,0,16922.28,0,True,False,False,False,True,False,1,0.9427186831545292,Germany,51-60,104983.75445965388
652,0,36,1,0.0,2,1,1,19302.78,1,False,True,True,False,False,False,0,0.1510283954998819,Spain,31-40,0.0
604,0,34,7,0.0,2,1,0,193021.49,1,False,False,True,False,False,False,0,0.1052209658100679,France,31-40,0.0
735,0,38,1,0.0,3,0,0,92220.12,1,False,False,True,False,False,False,1,0.5854358603898023,France,31-40,0.0
545,1,45,6,93796.42,2,1,1,162321.26,0,True,False,False,True,False,False,0,0.5056158352144291,Germany,41-50,47424.95523842338
506,1,28,8,53053.76,1,0,1,24577.34,0,True,False,False,False,False,False,0,0.1537268640132725,Germany,18-30,8155.788148912797
525,0,30,0,157989.21,2,1,1,100687.67,0,True,False,False,False,False,False,0,0.1213424182304717,Germany,18-30,19170.79279572182
620,0,33,9,127638.35,1,1,1,192717.57,0,False,False,True,False,False,False,0,0.2701034409106114,France,31-40,34475.55752715294
658,0,43,7,140260.36,2,1,0,2748.72,0,False,False,False,True,False,False,0,0.435905017858605,France,41-50,61140.194730654366
526,0,32,6,131938.92,2,1,1,1795.93,0,True,False,True,False,False,False,0,0.2224821497932015,Germany,31-40,29354.05456299323
665,0,34,1,96645.54,2,0,0,171413.66,0,False,False,True,False,False,False,0,0.1880802974676892,France,31-40,18177.121912125454
529,1,28,9,0.0,2,1,1,52545.24,1,False,False,False,False,False,False,0,0.0478192540019135,France,18-30,0.0
543,0,31,2,147674.26,1,1,1,16658.76,0,False,False,True,False,False,False,0,0.2344414474825443,France,31-40,34620.967270313595
635,0,48,8,130796.33,2,1,1,43250.3,0,False,False,False,True,False,False,0,0.5736760796584917,France,41-50,75034.72582811836
631,1,38,7,0.0,2,1,0,181605.85,1,False,True,True,False,False,False,0,0.0714955292696348,Spain,31-40,0.0
625,1,22,9,0.0,2,1,0,157072.91,1,False,False,False,False,False,False,0,0.0563652175753199,France,18-30,0.0
764,1,30,5,0.0,2,0,1,105155.66,1,False,False,False,False,False,False,0,0.0426057945709571,France,18-30,0.0
569,1,36,1,67087.69,1,1,0,154775.7,0,False,False,True,False,False,False,0,0.2719547437368074,France,31-40,18244.815541844375
667,1,31,5,0.0,2,1,1,20346.69,1,False,True,True,False,False,False,0,0.0521537829595572,Spain,31-40,0.0
643,0,34,7,160426.07,1,0,1,188533.11,0,True,False,True,False,False,False,0,0.3643568911944553,Germany,31-40,58452.344131744074
683,1,38,7,109346.13,2,1,0,102665.92,0,False,False,True,False,False,False,0,0.2629351663612936,France,31-40,28750.94288251364
722,1,34,8,0.0,2,1,1,133447.49,1,False,False,True,False,False,False,0,0.0403758483703634,France,31-40,0.0
512,1,36,4,152169.12,2,0,0,38629.3,0,False,False,True,False,False,False,1,0.19913053531983,France,31-40,30301.51832474745
422,1,54,3,140014.42,1,0,1,86350.97,0,False,False,False,False,True,False,0,0.5499567657804955,France,51-60,77001.87758583193
619,0,33,3,100488.92,2,0,1,36446.74,0,True,False,True,False,False,False,0,0.1805156916967005,Germany,31-40,18139.8269016544
679,1,45,3,146758.24,1,1,0,48466.89,0,False,False,False,True,False,False,0,0.6516843529262331,France,41-50,95640.04867099281
581,1,46,2,79385.21,2,0,0,188492.82,0,False,True,False,True,False,False,0,0.5123184090927966,Spain,41-50,40670.50449269757
586,0,60,3,47020.65,2,0,1,63241.21,0,False,False,False,False,True,False,1,0.3560530575416696,France,51-60,16741.84620009671
643,1,28,9,160858.13,2,1,0,27149.27,0,True,False,False,False,False,False,0,0.176030411749375,Germany,18-30,28315.922857134494
351,0,57,4,163146.46,1,1,0,169621.69,0,True,False,False,False,True,False,1,0.8903635433947068,Germany,51-60,145259.6602179028
670,0,33,7,0.0,2,1,1,88187.81,1,False,False,True,False,False,False,0,0.0667489852440895,France,31-40,0.0
599,1,33,4,51690.89,1,1,0,111622.76,0,False,True,True,False,False,False,1,0.3656653053008668,Spain,31-40,18901.565073123526
700,1,46,5,95872.86,1,1,0,98273.01,0,False,False,False,True,False,False,1,0.6667331520130244,France,41-50,63921.614140303405
797,1,45,8,0.0,1,0,0,125110.02,1,False,False,False,True,False,False,0,0.72615856887173,France,41-50,0.0
699,1,29,3,125689.29,1,1,1,151623.71,0,False,False,False,False,False,False,0,0.1559712149768457,France,18-30,19603.911270877103
680,1,32,7,175454.0,1,0,1,77349.92,0,True,False,True,False,False,False,0,0.2731493854229364,Germany,31-40,47925.15226999588
678,0,27,5,87099.85,2,1,0,149550.95,0,False,True,False,False,False,False,0,0.248944030435966,Spain,18-30,21682.987709368073
601,0,43,2,0.0,1,1,0,49713.87,1,False,False,False,True,False,False,1,0.6662933052956521,France,41-50,0.0
701,0,39,9,0.0,2,1,1,110043.88,1,False,True,True,False,False,False,0,0.0960903651972127,Spain,31-40,0.0
652,0,40,7,100471.34,1,1,1,124550.88,0,False,True,True,False,False,False,0,0.3516641977939956,Spain,31-40,35332.17318238778
622,1,43,8,0.0,2,1,0,100618.17,1,False,False,False,True,False,False,0,0.1755231067352729,France,41-50,0.0
709,1,42,9,118546.71,1,0,1,77142.85,0,False,False,False,True,False,False,0,0.3002948753005105,France,41-50,35598.96949673579
710,0,41,9,149155.53,2,1,0,42131.26,0,True,False,False,True,False,False,1,0.2716532469073474,Germany,41-50,40518.58401868626
541,1,34,3,128743.55,1,1,0,134851.12,0,False,False,True,False,False,False,0,0.2059075899683319,France,31-40,26509.274104467437
767,0,24,5,0.0,2,1,1,67445.85,1,False,True,False,False,False,False,0,0.0495940994528057,Spain,18-30,0.0
691,1,37,9,149405.18,1,1,1,146411.6,0,False,False,True,False,False,False,0,0.1665289197318086,France,31-40,24880.283227736418
756,1,32,0,109528.16,2,1,1,56176.31,0,True,False,True,False,False,False,0,0.2309991411432762,Germany,31-40,25300.91089100334
718,1,52,8,79475.3,3,1,1,32421.32,0,False,False,False,False,True,False,1,0.7366209965212311,France,51-60,58543.1746848238
502,0,32,1,173340.83,1,0,1,122763.95,0,True,False,True,False,False,False,0,0.3040092967864722,Germany,31-40,52697.22383268342
732,1,42,9,108748.08,2,1,1,65323.11,0,True,False,False,True,False,False,0,0.3374806487032483,Germany,41-50,36700.37258363274
798,1,22,8,0.0,2,1,0,107615.43,1,False,False,False,False,False,False,0,0.040847467451003,France,18-30,0.0
724,1,45,5,83888.54,1,0,1,34121.81,0,False,True,False,True,False,False,0,0.394992208428241,Spain,41-50,33135.31967642083
491,0,72,6,91285.22,1,1,1,7032.95,0,False,False,False,False,False,True,0,0.2233475846721085,France,60+,20388.33340326205
749,0,60,6,0.0,1,1,0,17978.68,1,False,False,False,False,True,False,1,0.936587060607332,France,51-60,0.0
587,0,38,0,132122.42,2,0,0,31730.32,0,True,False,True,False,False,False,0,0.2689063537423191,Germany,31-40,35528.55820981126
559,0,31,1,139183.06,1,0,1,143360.56,0,False,True,True,False,False,False,0,0.2224238560115556,Spain,31-40,30957.6328966877
765,0,32,9,178095.55,1,0,0,47247.56,0,False,True,True,False,False,False,0,0.3300084502566014,Spain,31-40,58773.03645309707
849,1,35,4,110837.73,1,0,0,126419.8,0,False,False,True,False,False,False,0,0.2328388876757616,France,31-40,25807.333765706393
641,1,37,7,0.0,2,1,0,75248.3,1,False,False,True,False,False,False,0,0.0618742560398294,France,31-40,0.0
475,1,39,6,0.0,1,1,1,56999.9,1,False,False,True,False,False,False,1,0.3856159801099696,France,31-40,0.0
509,1,18,7,102983.91,1,1,0,171770.58,0,False,False,False,False,False,False,0,0.2190934643720081,France,18-30,22563.10161647509
505,0,45,9,131355.3,3,1,0,195395.33,0,False,True,False,True,False,False,1,0.8631129318424136,Spain,41-50,113374.45809603977
541,1,29,7,127504.57,1,0,0,86173.92,0,False,False,False,False,False,False,0,0.2524833919762894,France,18-30,32192.78632607823
646,1,38,7,0.0,2,1,0,1528.4,1,False,False,True,False,False,False,0,0.1020721045968073,France,31-40,0.0
666,1,39,10,0.0,2,1,0,102999.33,1,False,False,True,False,False,False,0,0.0893397243225114,France,31-40,0.0
850,0,24,6,0.0,2,1,1,13159.9,1,False,False,False,False,False,False,0,0.065672018237041,France,18-30,0.0
597,0,24,1,103219.47,1,1,0,60420.07,0,False,False,False,False,False,False,0,0.2391859270826892,France,18-30,24688.644624933826
529,1,38,7,99842.5,2,1,0,90256.06,0,False,True,True,False,False,False,1,0.2725812203053437,Spain,31-40,27215.19048833628
655,1,38,3,250898.09,3,0,1,81054.0,0,False,True,True,False,False,False,1,0.8095901732771759,Spain,31-40,203124.62815801246
734,1,33,5,121898.58,1,1,0,61829.89,0,True,False,True,False,False,False,0,0.5596283139539757,Germany,31-40,68217.89679878383
613,1,28,7,76656.4,2,1,1,185483.24,0,True,False,False,False,False,False,0,0.0698988401244605,Germany,18-30,5358.193448116694
669,0,33,8,0.0,2,0,1,128538.05,1,False,True,True,False,False,False,0,0.0727508291782262,Spain,31-40,0.0
627,0,35,7,0.0,1,1,0,187718.26,1,False,True,True,False,False,False,0,0.4872369042292294,Spain,31-40,0.0
615,1,41,1,126773.43,1,1,1,55551.26,0,False,True,False,True,False,False,0,0.2065063601457928,Spain,41-50,26179.51959249745
622,1,41,2,127087.06,1,1,0,102402.91,0,False,False,False,True,False,False,1,0.4151178467724927,France,41-50,52756.10669984658
624,1,36,6,0.0,2,0,0,84749.96,1,False,False,True,False,False,False,0,0.0569019411937804,France,31-40,0.0
663,1,24,7,0.0,2,1,1,166310.82,1,False,False,False,False,False,False,0,0.0338342193653347,France,18-30,0.0
601,0,47,1,142802.02,1,1,1,57553.02,0,True,False,False,True,False,False,0,0.8071810498364642,Germany,41-50,115267.08442236776
644,1,35,5,161591.11,3,1,1,63795.62,0,True,False,True,False,False,False,0,0.8314848837952066,Germany,31-40,134360.56532068845
563,0,42,6,99056.22,2,1,0,154347.95,0,False,True,False,True,False,False,1,0.4558303789974269,Spain,41-50,45152.8343046525
750,0,35,3,0.0,1,1,0,191520.5,1,False,False,True,False,False,False,0,0.5131501355629973,France,31-40,0.0
629,0,49,4,0.0,2,1,1,196335.48,1,False,False,False,True,False,False,0,0.2535859619682526,France,41-50,0.0
570,1,38,1,127201.58,1,1,0,147168.28,0,True,False,True,False,False,False,1,0.588684632345924,Germany,31-40,74881.61535612064
850,1,27,1,101278.25,2,1,1,26265.18,0,True,False,False,False,False,False,0,0.0932899240753736,Germany,18-30,9448.240252986707
633,1,50,7,88302.65,1,1,1,195937.16,0,True,False,False,True,False,False,0,0.552363881019535,Germany,41-50,48775.19445830964
762,1,29,10,115545.33,2,1,0,148256.43,0,False,True,False,False,False,False,0,0.1683047870519824,Spain,18-30,19446.832160501035
445,0,30,3,0.0,2,1,1,127939.19,1,False,False,False,False,False,False,0,0.1332176686096587,France,18-30,0.0
614,0,41,3,123475.04,1,1,1,179227.52,0,False,False,False,True,False,False,0,0.3305048750561814,France,41-50,40809.102667757004
658,1,44,2,168396.34,1,1,1,14178.73,0,False,False,False,True,False,False,0,0.4638608116477281,France,41-50,78112.46295090677
549,0,34,4,0.0,2,0,0,139463.57,1,False,False,True,False,False,False,0,0.0769786988325649,France,31-40,0.0
594,0,34,7,141525.55,1,0,0,9443.15,0,False,False,True,False,False,False,0,0.2455343600025027,France,31-40,34749.385343252194
742,0,44,8,107926.02,1,0,1,17375.27,0,True,False,False,True,False,False,1,0.827388122538704,Germany,41-50,89296.70706087461
411,0,36,10,0.0,1,0,0,120694.35,1,False,False,True,False,False,False,0,0.5161181469913971,France,31-40,0.0
746,1,24,10,68781.82,1,0,1,47997.39,0,False,True,False,False,False,False,0,0.164017253699976,Spain,18-30,11281.405220886085
706,1,42,9,0.0,2,1,1,28714.34,1,False,True,False,True,False,False,0,0.1092979940454056,Spain,41-50,0.0
607,0,27,2,0.0,2,1,0,63495.86,1,False,False,False,False,False,False,0,0.0856871455994329,France,18-30,0.0
615,1,32,1,0.0,2,0,0,2139.25,1,False,False,True,False,False,False,0,0.0793939108842464,France,31-40,0.0
488,0,33,4,140002.35,1,1,0,123613.81,0,True,False,True,False,False,False,0,0.484891480250542,Germany,31-40,67885.94673005448
764,1,34,6,108760.27,2,1,0,166324.79,0,True,False,True,False,False,False,1,0.2647126903455751,Germany,31-40,28790.223674411143
622,0,47,6,142319.03,1,0,0,100183.05,0,False,True,False,True,False,False,0,0.6049429932198594,Spain,41-50,86094.90000034697
709,0,32,7,0.0,2,1,1,199418.02,1,False,False,True,False,False,False,0,0.0707141280914656,France,31-40,0.0
540,0,35,7,128369.75,2,1,0,198256.15,0,True,False,True,False,False,False,0,0.3048689249880031,Germany,31-40,39135.94768347871
544,0,26,6,0.0,1,1,0,100200.4,1,False,False,False,False,False,False,1,0.2223382689866949,France,18-30,0.0
850,0,25,8,69385.17,2,1,0,87834.24,0,True,False,False,False,False,False,0,0.1097146949289976,Germany,18-30,7612.572759146637
582,0,32,1,116409.55,1,0,1,152790.92,0,False,False,True,False,False,False,0,0.213135656886879,France,31-40,24811.025907155985
537,0,47,6,103163.35,1,1,0,16259.64,0,True,False,False,True,False,False,1,0.8837009260176427,Germany,41-50,91165.54792608219
613,1,44,9,100524.69,1,1,1,47298.95,0,False,True,False,True,False,False,0,0.3327896146474259,Spain,41-50,33453.57284765195
562,1,36,6,0.0,2,1,0,32845.32,1,False,False,True,False,False,False,0,0.0616433220623162,France,31-40,0.0
754,1,39,3,74896.33,1,0,0,34430.16,0,False,False,True,False,False,False,0,0.2852743521301906,France,31-40,21366.00201767896
470,0,31,2,101675.22,2,1,0,45033.75,0,False,True,True,False,False,False,0,0.2325577861257689,Spain,31-40,23645.3640670505
672,0,34,1,142151.75,2,1,1,168753.34,0,False,False,True,False,False,False,0,0.1634180628588505,France,31-40,23230.1636169956
663,1,22,6,0.0,2,0,1,131827.15,1,False,False,False,False,False,False,0,0.0294839121746816,France,18-30,0.0
573,1,44,9,0.0,2,1,0,107124.17,1,False,True,False,True,False,False,0,0.157889203795168,Spain,41-50,0.0
698,0,40,0,92053.44,1,1,1,143681.83,0,False,True,True,False,False,False,0,0.4526496678868804,Spain,31-40,41667.95904384487
519,1,34,5,0.0,1,1,0,68479.6,1,False,False,True,False,False,False,0,0.3839233967330991,France,31-40,0.0
584,1,32,5,0.0,2,1,0,10956.82,1,False,True,True,False,False,False,0,0.0574120311317165,Spain,31-40,0.0
850,0,32,7,0.0,2,0,0,155227.0,1,False,False,True,False,False,False,0,0.0734977576194529,France,31-40,0.0
774,1,49,1,142767.39,1,1,1,8214.41,0,False,False,False,True,False,False,0,0.4938218444236161,France,41-50,70501.65585334573
594,0,23,4,104753.84,2,1,0,56756.52,0,True,False,False,False,False,False,1,0.2215518093970479,Germany,18-30,23208.402793288853
701,1,38,3,125385.49,2,0,1,52044.66,0,True,False,True,False,False,False,0,0.2399175212568308,Germany,31-40,30082.17596237315
597,0,40,9,106756.01,2,1,0,151167.94,0,True,False,True,False,False,False,0,0.4488356499693566,Germany,31-40,47915.90313648513
695,1,46,4,0.0,2,1,1,137537.22,1,False,False,False,True,False,False,0,0.1404252655225578,France,41-50,0.0
574,1,36,4,77967.5,1,1,0,167066.95,0,False,True,True,False,False,False,1,0.2938741207341149,Spain,31-40,22912.630508337104
634,1,45,9,0.0,2,0,0,17622.82,1,False,False,False,True,False,False,0,0.207504556381959,France,41-50,0.0
650,1,32,2,84906.45,1,1,0,163216.48,0,False,False,True,False,False,False,0,0.1849613664203401,France,31-40,15704.413009900287
685,1,40,2,168001.34,2,1,1,167400.29,0,False,False,True,False,False,False,0,0.2108915140849519,France,31-40,35430.056960900794
682,0,58,1,0.0,1,1,1,706.5,1,False,False,False,False,True,False,0,0.6864709153455476,France,51-60,0.0
669,1,37,4,0.0,1,1,0,132540.33,1,False,False,True,False,False,False,0,0.4209533853050314,France,31-40,0.0
839,0,33,10,75592.43,1,1,0,62674.42,0,False,True,True,False,False,False,0,0.2437851557912862,Spain,31-40,18428.312324191895
450,1,29,7,117199.8,1,1,1,43480.63,0,False,False,False,False,False,False,0,0.1399306526647781,France,18-30,16399.844506181464
850,1,42,6,84445.68,3,0,1,60021.34,0,True,False,False,True,False,False,1,0.6994574024637078,Germany,41-50,59066.15598208147
527,1,31,4,0.0,1,1,0,169361.89,1,False,False,True,False,False,False,0,0.3973324389875168,France,31-40,0.0
792,1,34,1,0.0,1,0,1,86330.32,1,False,False,True,False,False,False,0,0.2579224943441953,France,31-40,0.0
531,0,42,2,0.0,2,0,1,90537.47,1,False,False,False,True,False,False,0,0.2073451617107952,France,41-50,0.0
535,1,37,3,175534.78,2,1,1,9241.52,0,False,True,True,False,False,False,0,0.1794501317372437,Spain,31-40,31499.73939546809
751,1,29,1,135536.5,1,1,0,66825.33,0,False,False,False,False,False,False,0,0.2834837198736868,France,18-30,38422.391198659956
556,0,51,8,61354.14,1,1,0,198810.65,0,False,False,False,False,True,False,1,0.7130668411260788,France,51-60,43749.602799807195
584,0,37,10,134171.8,4,1,1,70927.11,0,True,False,True,False,False,False,1,0.8576091566305651,Germany,31-40,115066.96424160484
763,0,35,7,115651.6,2,1,1,104706.29,0,False,False,True,False,False,False,0,0.1716314265651784,France,31-40,19849.449092545387
652,1,36,9,150956.71,1,0,0,72350.17,0,True,False,True,False,False,False,0,0.3874470515887924,Germany,31-40,58487.73220704437
436,1,43,5,0.0,2,1,1,35687.43,1,False,True,False,True,False,False,0,0.2332350340344142,Spain,41-50,0.0
646,1,52,8,59669.43,1,0,0,172495.81,0,False,False,False,False,True,False,1,0.83294084958766,France,51-60,49701.105718611405
694,1,31,4,141989.27,2,1,0,26116.82,0,True,False,True,False,False,False,0,0.213659709948161,Germany,31-40,30337.386243951114
608,1,45,4,0.0,2,0,0,36697.48,1,False,True,False,True,False,False,1,0.1398030462345878,Spain,41-50,0.0
558,1,27,1,152283.39,1,1,0,183271.15,0,False,False,False,False,False,False,0,0.2114161116516738,France,18-30,32195.162182935386
679,1,40,1,0.0,1,1,1,16897.19,1,False,False,True,False,False,False,0,0.3206299121580799,France,31-40,0.0
577,0,35,10,0.0,2,1,1,25161.61,1,False,False,True,False,False,False,0,0.1598188991339445,France,31-40,0.0
683,0,32,9,0.0,2,1,1,24991.92,1,False,False,True,False,False,False,0,0.0848043789240835,France,31-40,0.0
591,1,29,1,97541.24,1,1,1,196356.17,0,False,True,False,False,False,False,0,0.1684759117119993,Spain,18-30,16433.349338518936
636,1,45,3,0.0,2,1,1,159463.8,1,False,True,False,True,False,False,0,0.1358276464715047,Spain,41-50,0.0
708,0,64,5,0.0,3,0,1,112520.07,1,False,True,False,False,False,True,1,0.4843483581633159,Spain,60+,0.0
699,1,34,4,185173.81,2,1,0,120834.48,0,True,False,True,False,False,False,0,0.1440422337870733,Germany,31-40,26672.849231263088
707,0,31,2,82787.93,2,0,0,91423.69,0,False,False,True,False,False,False,0,0.1905941421605214,France,31-40,15778.894499595293
597,0,33,6,135703.59,2,0,0,74850.84,0,False,False,True,False,False,False,0,0.184656823624453,France,31-40,25058.59388383508
609,1,26,7,0.0,2,1,0,98463.99,1,False,False,False,False,False,False,0,0.0364873844452115,France,18-30,0.0
522,0,25,5,94049.92,2,1,0,103269.0,0,True,False,False,False,False,False,0,0.1406160942205752,Germany,18-30,13224.93241215756
596,1,39,9,0.0,1,1,0,48963.59,1,False,False,True,False,False,False,0,0.4224733871110752,France,31-40,0.0
591,0,56,9,128882.49,1,1,1,196241.94,0,False,False,False,False,True,False,1,0.5650244622676965,France,51-60,72821.75960797178
654,0,36,5,0.0,2,0,0,157238.05,1,False,True,True,False,False,False,0,0.0999666147529686,Spain,31-40,0.0
649,1,20,5,0.0,2,1,1,58309.54,1,False,True,False,False,False,False,0,0.039181015887782,Spain,18-30,0.0
640,0,29,4,0.0,2,1,0,44904.26,1,False,False,False,False,False,False,0,0.0539605497355753,France,18-30,0.0
600,0,39,5,0.0,2,0,0,118272.07,1,False,False,True,False,False,False,0,0.1485045137644188,France,31-40,0.0
631,1,32,10,0.0,2,0,1,196342.66,1,False,False,True,False,False,False,0,0.0537107327373665,France,31-40,0.0
850,1,44,2,112755.34,2,0,0,158171.36,0,True,False,False,True,False,False,0,0.3620325555350749,Germany,41-50,40821.10389042625
556,0,43,6,0.0,3,0,0,125154.57,1,False,False,False,True,False,False,1,0.8340997415300984,France,41-50,0.0
717,0,49,1,110864.38,2,1,1,124532.9,0,False,True,False,True,False,False,1,0.5775635624589011,Spain,41-50,64031.226262597345
758,1,61,2,0.0,2,1,1,43982.41,1,False,True,False,False,False,True,0,0.1229492358880628,Spain,60+,0.0
515,1,40,10,121355.99,1,1,0,138360.29,0,False,True,True,False,False,False,0,0.3648836959621766,Spain,31-40,44280.82215834895
649,0,37,8,114737.26,1,1,1,106655.88,0,True,False,True,False,False,False,1,0.6045896140322793,Germany,31-40,69368.95573852127
566,1,36,1,142120.91,1,1,0,79616.37,0,False,False,True,False,False,False,0,0.2735615390811385,France,31-40,38878.81487521197
760,0,34,6,58003.41,1,1,0,90346.1,0,True,False,True,False,False,False,0,0.3189006792729119,Germany,31-40,18497.32684914521
662,1,37,5,94901.09,1,1,1,48233.75,0,False,True,True,False,False,False,0,0.1832561278111472,Spain,31-40,17391.206278457183
559,0,27,1,0.0,1,0,1,1050.33,1,False,True,False,False,False,False,0,0.2043367189774265,Spain,18-30,0.0
605,1,19,8,166133.28,1,1,1,107994.99,0,True,False,False,False,False,False,0,0.1851373775336839,Germany,18-30,30757.479780269216
646,1,32,1,0.0,2,1,0,183289.22,1,False,True,True,False,False,False,0,0.1023624336486581,Spain,31-40,0.0
753,0,38,6,142263.45,1,0,1,33730.43,0,False,False,True,False,False,False,0,0.2619935091107509,France,31-40,37272.10048370186
696,0,36,3,0.0,3,1,0,65039.9,1,False,True,True,False,False,False,0,0.3887170837763645,Spain,31-40,0.0
521,1,22,5,0.0,2,1,1,99828.45,1,False,False,False,False,False,False,0,0.0441513360946596,France,18-30,0.0
632,1,27,4,193125.85,1,1,1,152665.85,0,False,False,False,False,False,False,0,0.2961245618535249,France,18-30,57189.30771383958
706,1,18,2,176139.5,2,1,0,129654.22,0,False,False,False,False,False,False,0,0.1638832677473468,France,18-30,28866.31683938379
821,0,38,8,0.0,2,0,1,126241.4,1,False,True,True,False,False,False,1,0.086164492727692,Spain,31-40,0.0
620,1,44,8,0.0,2,1,1,15627.51,1,False,True,False,True,False,False,0,0.1184789406250609,Spain,41-50,0.0
648,0,37,7,138503.51,2,1,0,57215.85,0,True,False,True,False,False,False,0,0.2914613871082127,Germany,31-40,40368.42514395621
428,0,62,1,107735.93,1,0,1,58381.77,0,False,False,False,False,False,True,0,0.5291214029096617,France,60+,57005.3864253771
542,0,59,2,68892.77,2,1,0,7905.06,0,False,False,False,False,True,False,1,0.7362391104495359,France,51-60,50721.55170120448
504,1,40,5,0.0,2,0,0,146703.36,1,False,True,True,False,False,False,0,0.1200752754075131,Spain,31-40,0.0
817,1,44,8,0.0,1,0,0,65501.91,1,False,False,False,True,False,False,1,0.6425786232286501,France,41-50,0.0
696,0,66,7,119499.42,2,1,1,174027.3,0,True,False,False,False,False,True,0,0.4961888066580988,Germany,60+,59294.27460613494
529,1,32,9,147493.89,1,1,0,33656.35,0,False,False,True,False,False,False,0,0.219387230237304,France,31-40,32358.276004025593
540,1,25,5,116160.23,1,1,0,13411.67,0,False,False,False,False,False,False,0,0.2556360288025219,France,18-30,29694.739901987567
616,1,23,8,73112.95,1,1,1,62733.05,0,False,False,False,False,False,False,0,0.1394607009182174,France,18-30,10196.383253198583
696,0,31,8,122021.92,2,1,0,33828.64,0,True,False,True,False,False,False,0,0.2770619833131213,Germany,31-40,33807.63516287503
596,1,36,2,0.0,2,0,1,125557.95,1,False,True,True,False,False,False,0,0.0666614432960754,Spain,31-40,0.0
632,0,27,3,107375.82,1,1,1,62703.38,0,False,False,False,False,False,False,0,0.1850917221453011,France,18-30,19874.375440563865
814,1,29,8,97086.4,2,1,1,197276.13,0,True,False,False,False,False,False,0,0.0868347521060746,Germany,18-30,8430.4734768712
750,0,34,9,112822.26,1,0,0,150401.53,0,False,True,True,False,False,False,1,0.2772085000005178,Spain,31-40,31275.289461268414
595,0,53,7,0.0,2,1,0,41371.68,1,False,False,False,False,True,False,1,0.5449674774843198,France,51-60,0.0
646,0,45,3,47134.75,1,1,1,57236.44,0,False,False,False,True,False,False,0,0.593188011855545,France,41-50,27959.76864180815
747,0,32,5,67495.04,2,0,1,77370.37,0,True,False,True,False,False,False,0,0.1188738272572001,Germany,31-40,8023.39372567781
646,1,26,4,139848.17,1,1,0,164696.27,0,False,False,False,False,False,False,0,0.2118383912607696,France,18-30,29625.211353562623
678,1,36,3,145747.67,2,0,1,89566.74,0,True,False,True,False,False,False,0,0.1300371267367288,Germany,31-40,18952.608235372925
554,1,26,8,149134.46,1,1,1,177966.24,0,False,True,False,False,False,False,0,0.2223210189808413,Spain,18-30,33155.72511235752
655,1,24,9,107065.31,1,1,1,51959.82,0,False,False,False,False,False,False,0,0.1483312754554598,France,18-30,15881.133989334194
794,1,38,9,179581.31,1,1,0,23596.24,0,False,True,True,False,False,False,0,0.3858991479197448,Spain,31-40,69300.27451131154
727,1,59,5,152581.06,1,1,0,71830.1,0,True,False,False,False,True,False,1,0.9287938359348532,Germany,51-60,141716.348008406
677,0,58,1,90022.85,1,0,1,2988.28,0,False,False,False,False,True,False,0,0.4997481862038508,France,51-60,44988.75600440134
616,1,29,8,149318.55,1,1,0,140746.13,0,True,False,False,False,False,False,0,0.4108333511150752,Germany,18-30,61345.040280143905
595,0,32,0,92466.21,1,1,0,4721.3,0,True,False,True,False,False,False,0,0.3543343690625619,Germany,31-40,32763.956179956353
723,0,28,5,91938.31,1,1,0,143481.85,0,True,False,False,False,False,False,0,0.3578706098733704,Germany,18-30,32902.019070426984
815,1,37,2,110777.26,2,1,0,2383.59,0,True,False,True,False,False,False,0,0.2957750251500317,Germany,31-40,32765.146862551595
790,0,26,4,141581.71,2,0,0,98309.27,0,False,False,False,False,False,False,0,0.1772599789617391,France,18-30,25096.770935967044
663,0,37,8,155303.71,1,1,0,118716.63,0,True,False,True,False,False,False,0,0.3939487166579939,Germany,31-40,61181.697246725256
542,0,42,1,0.0,1,1,1,178256.58,1,False,False,False,True,False,False,1,0.5830389539529925,France,41-50,0.0
712,1,45,6,112994.65,1,0,0,198398.68,0,False,True,False,True,False,False,0,0.565845152415441,Spain,41-50,63937.4749513794
787,0,42,2,74483.97,2,0,1,44273.91,0,True,False,False,True,False,False,0,0.23908281351582,Germany,41-50,17807.837109427932
850,1,62,5,0.0,2,1,1,180243.56,1,False,True,False,False,False,True,0,0.0920748286162929,Spain,60+,0.0
483,0,50,9,0.0,2,1,1,111020.24,1,False,False,False,True,False,False,0,0.4195131397385243,France,41-50,0.0
704,1,36,8,127397.34,1,1,0,151335.24,0,False,True,True,False,False,False,0,0.2574336588706388,Spain,31-40,32796.36336658678
716,0,29,10,87946.39,1,1,1,182531.74,0,False,False,False,False,False,False,0,0.2237665067247788,France,18-30,19679.45646935502
597,0,26,8,149989.39,1,1,0,42330.58,0,False,False,False,False,False,False,0,0.2475910413080453,France,18-30,37136.029255258516
748,1,44,2,92911.52,1,0,1,85495.24,0,False,False,False,True,False,False,0,0.4573774021557828,France,41-50,42495.62964794506
850,1,33,10,0.0,1,1,0,4861.72,1,False,False,True,False,False,False,1,0.3519023723907055,France,31-40,0.0
648,1,55,1,81370.07,1,0,1,181534.04,0,False,True,False,False,True,False,0,0.3775523025104885,Spain,51-60,30721.457283939628
578,1,50,5,151215.34,2,1,0,169804.4,0,False,False,False,True,False,False,0,0.65860063094828,France,41-50,99590.51833305869
607,0,37,4,135927.06,1,0,0,180890.4,0,True,False,True,False,False,False,0,0.5264773227730245,Germany,31-40,71562.51464120827
850,1,41,8,132838.07,1,1,1,175347.28,0,False,True,False,True,False,False,0,0.1958395164411384,Spain,41-50,26014.943393774094
509,1,35,8,0.0,2,0,1,67431.28,1,False,False,True,False,False,False,0,0.0463886894527916,France,31-40,0.0
465,1,41,9,117221.15,1,1,0,168280.95,0,False,False,False,True,False,False,0,0.4916573558094737,France,41-50,57632.64065394568
710,1,40,5,0.0,2,0,0,162878.96,1,False,False,True,False,False,False,0,0.1065686850540679,France,31-40,0.0
591,0,39,3,0.0,3,1,0,140469.38,1,False,True,True,False,False,False,1,0.5364521093361773,Spain,31-40,0.0
728,0,46,2,109705.52,1,1,0,20276.87,0,False,False,False,True,False,False,1,0.6705985402357857,France,41-50,73568.36156780779
492,1,45,9,170295.04,2,0,0,164741.81,0,True,False,False,True,False,False,0,0.4434603821147982,Germany,41-50,75519.10351065485
616,0,36,10,78249.53,1,1,0,136934.91,0,True,False,True,False,False,False,0,0.351869412818334,Germany,31-40,27533.61617441061
646,1,24,8,0.0,2,0,0,92612.88,1,False,False,False,False,False,False,0,0.0366171159514569,France,18-30,0.0
779,1,71,3,0.0,2,1,1,146895.36,1,False,False,False,False,False,True,1,0.0420319187967074,France,60+,0.0
683,0,39,2,100062.16,2,1,0,109201.43,0,True,False,True,False,False,False,0,0.3992574234153727,Germany,31-40,39950.56018297677
463,0,35,2,0.0,2,1,1,1950.93,1,False,True,True,False,False,False,0,0.1426935172723406,Spain,31-40,0.0
736,0,63,10,0.0,2,0,1,502.7,1,False,False,False,False,False,True,0,0.2055401043883522,France,60+,0.0
640,1,63,2,68432.45,2,1,1,112503.24,0,False,False,False,False,False,True,1,0.2585402079159278,France,60+,17692.539851196332
670,0,33,9,84521.48,2,0,1,198017.05,0,True,False,True,False,False,False,0,0.100786700409057,Germany,31-40,8518.641082890103
549,1,31,4,0.0,2,0,1,25684.85,1,False,False,True,False,False,False,0,0.0376737460254679,France,31-40,0.0
579,1,39,5,0.0,2,0,1,39891.84,1,False,False,True,False,False,False,0,0.0601306201397335,France,31-40,0.0
594,0,49,4,0.0,2,1,1,23631.55,1,False,False,False,True,False,False,0,0.2393692259105952,France,41-50,0.0
515,0,25,7,79543.59,1,0,1,38772.82,0,False,False,False,False,False,False,0,0.1346474756187985,France,18-30,10710.343595156704
593,0,46,2,76597.79,1,1,1,54453.72,0,False,True,False,True,False,False,0,0.5360767002547432,Spain,41-50,41062.29051000576
750,0,26,1,151510.17,2,1,1,19921.72,0,False,False,False,False,False,False,0,0.1099028544320173,France,18-30,16651.400158480195
526,1,30,8,0.0,1,1,0,36251.0,1,False,True,False,False,False,False,0,0.2903233113904606,Spain,18-30,0.0
506,1,59,8,119152.1,2,1,1,170679.74,0,True,False,False,False,True,False,0,0.3875827410224483,Germany,51-60,46181.29751658086
607,1,34,9,132439.99,1,1,0,177747.72,0,False,True,True,False,False,False,0,0.287678171312409,Spain,31-40,38100.094131833735
708,0,67,1,0.0,2,0,1,3837.08,1,False,False,False,False,False,True,0,0.1030985854313567,France,60+,0.0
683,1,34,9,114609.55,2,0,1,25339.29,0,False,True,True,False,False,False,0,0.1296276305673958,Spain,31-40,14856.564406895477
730,0,41,4,167545.32,1,1,0,128246.81,0,False,False,False,True,False,False,0,0.4826180000420222,France,41-50,80860.38725480063
551,0,45,6,0.0,2,1,1,51143.43,1,False,False,False,True,False,False,0,0.1681435800485224,France,41-50,0.0
530,1,37,8,0.0,2,1,1,287.99,1,False,False,True,False,False,False,0,0.1977913073286078,France,31-40,0.0
786,0,33,0,83036.05,1,0,1,154990.58,0,False,False,True,False,False,False,1,0.1715646854455025,France,31-40,14246.053798887018
574,1,30,5,120355.0,1,1,0,137793.35,0,False,True,False,False,False,False,0,0.2830342458882404,Spain,18-30,34064.58666387917
723,0,40,7,142856.95,2,0,0,38019.74,0,False,False,True,False,False,False,0,0.2918405556624179,France,31-40,41691.45166823825
543,1,37,3,0.0,2,1,1,78915.68,1,False,True,True,False,False,False,0,0.0546172912352653,Spain,31-40,0.0
807,0,31,1,141069.18,3,1,1,194257.11,0,True,False,True,False,False,False,0,0.6066020408668202,Germany,31-40,85572.85249140882
598,1,27,8,90721.52,2,1,0,109296.18,0,False,True,False,False,False,False,0,0.1608608389829371,Spain,18-30,14593.539821007309
604,0,28,6,0.0,2,1,1,69056.26,1,False,True,False,False,False,False,0,0.0629330384624892,Spain,18-30,0.0
780,0,26,3,140356.7,1,1,0,117144.15,0,False,False,False,False,False,False,0,0.2929714614972182,France,18-30,41120.50752992661
453,0,28,3,139986.65,1,1,0,136846.75,0,True,False,False,False,False,False,0,0.4423504827182202,Germany,18-30,61923.16220160654
569,0,42,9,146100.75,1,1,0,32574.01,0,True,False,False,True,False,False,1,0.6785744545746518,Germany,41-50,99140.23674419757
768,0,36,3,141334.95,1,0,1,125870.5,0,False,False,True,False,False,False,0,0.2156693263864371,France,31-40,30481.613461360772
723,1,34,5,0.0,2,0,1,12092.03,1,False,False,True,False,False,False,0,0.0367600231784827,France,31-40,0.0
604,0,53,2,121389.78,1,1,1,48201.64,0,False,False,False,False,True,False,1,0.680633160621644,France,51-60,82621.90962856603
594,1,28,0,142574.71,2,1,0,129084.82,0,True,False,False,False,False,False,0,0.253900238761243,Germany,18-30,36199.75291031498
675,0,61,5,62055.17,3,1,0,166305.16,0,False,False,False,False,False,True,1,0.9150282443994756,France,60+,56782.233261011
654,1,37,2,145610.07,2,0,0,186300.59,0,True,False,True,False,False,False,0,0.2419776630238911,Germany,31-40,35234.3844513452
566,1,63,2,120787.18,2,1,1,52198.84,0,False,True,False,False,False,True,0,0.307940942497302,Spain,60+,37195.31805079126
596,1,37,2,0.0,1,0,1,121175.86,1,False,False,True,False,False,False,0,0.4221064351699453,France,31-40,0.0
616,1,30,2,0.0,2,1,0,199099.51,1,False,True,False,False,False,False,0,0.0790328636217865,Spain,18-30,0.0
731,1,33,1,0.0,1,1,0,130726.96,1,False,True,True,False,False,False,0,0.4089147181020366,Spain,31-40,0.0
727,1,46,3,115248.11,4,1,0,130752.01,0,True,False,False,True,False,False,1,0.955359917818419,Germany,41-50,110103.42489832811
561,0,28,3,0.0,2,1,0,191387.76,1,False,True,False,False,False,False,0,0.0672627851299182,Spain,18-30,0.0
651,0,25,8,0.0,2,1,1,126761.2,1,False,False,False,False,False,False,0,0.0633323345368605,France,18-30,0.0
599,0,41,2,91328.71,1,1,0,115724.78,0,False,False,False,True,False,False,0,0.5164280852032703,France,41-50,47164.71082938477
587,1,41,8,85109.21,1,1,0,1557.82,0,False,True,False,True,False,False,0,0.3953340210091096,Spain,41-50,33646.566214208724
686,0,38,2,93569.86,3,0,0,10137.34,0,True,False,True,False,False,False,1,0.7623113065416873,Germany,31-40,71329.36222952277
724,1,34,6,118235.7,2,0,0,157137.23,0,True,False,True,False,False,False,0,0.2119616106587046,Germany,31-40,25061.4294093594
720,1,21,2,123200.78,1,1,1,180712.28,0,False,True,False,False,False,False,0,0.1702609697589516,Spain,18-30,20976.28427785925
806,1,48,4,164701.68,1,1,1,21439.49,0,False,False,False,True,False,False,0,0.4706994743445776,France,41-50,77524.99419966883
769,1,29,4,145471.37,1,1,0,188382.77,0,False,False,False,False,False,False,0,0.244055521940281,France,18-30,35503.09113271773
613,1,37,9,108286.5,1,1,1,114153.44,0,False,False,True,False,False,False,0,0.1849305003340127,France,31-40,20025.476624419065
591,0,38,2,142289.28,1,0,1,119638.85,0,False,False,True,False,False,False,0,0.2956276774903035,France,31-40,42064.649378167494
807,1,35,3,174790.15,1,1,1,600.36,0,False,False,True,False,False,False,0,0.1872875745823381,France,31-40,32736.023254383064
655,0,61,2,183997.7,2,1,1,161217.18,0,True,False,False,False,False,True,0,0.3747222421980944,Germany,60+,68948.03070329232
553,0,39,1,142876.98,2,1,0,44363.42,0,False,True,True,False,False,False,0,0.2468478524497957,Spain,31-40,35268.87567751241
669,1,50,4,149713.61,3,1,1,124872.42,0,False,False,False,True,False,False,1,0.8650077824036693,France,41-50,129503.4377817478
635,1,41,4,103544.88,2,1,0,193746.55,0,False,False,False,True,False,False,0,0.250815258643104,France,41-50,25970.63585836917
749,1,37,7,0.0,2,1,0,20306.79,1,False,False,True,False,False,False,0,0.0607446972688676,France,31-40,0.0
691,1,26,9,136623.19,1,1,0,153228.0,0,False,False,False,False,False,False,0,0.2365527875947246,France,18-30,32318.5964445837
589,0,21,3,0.0,2,0,1,55601.44,1,False,False,False,False,False,False,0,0.0584970244980142,France,18-30,0.0
778,0,33,9,151772.63,2,0,0,180249.94,0,False,False,True,False,False,False,1,0.1809943562208373,France,31-40,27469.989458793338
541,0,32,4,0.0,1,1,1,114951.42,1,False,False,True,False,False,False,0,0.3001412421386751,France,31-40,0.0
758,0,50,2,95813.76,3,1,1,67944.09,0,False,False,False,True,False,False,1,0.8917013439255889,France,41-50,85437.25855856383
559,0,29,3,79715.36,1,1,0,82252.28,0,False,False,False,False,False,False,0,0.2911146725220563,France,18-30,23206.310921377826
690,0,42,5,0.0,2,0,1,120512.08,1,False,False,False,True,False,False,0,0.2192787471158268,France,41-50,0.0
846,0,34,10,142388.61,2,0,1,68393.64,0,False,False,True,False,False,False,1,0.1430507423352116,France,31-40,20368.79636057893
567,1,40,4,118628.8,1,0,0,91973.63,0,False,True,True,False,False,False,0,0.3296374440266781,Spain,31-40,39104.494419951996
486,0,40,9,71340.09,1,1,0,76192.21,0,True,False,True,False,False,False,0,0.495837954290404,Germany,31-40,35373.12428449331
707,0,48,7,105086.74,1,1,1,180344.69,0,True,False,False,True,False,False,1,0.7674931929992833,Germany,41-50,80653.3576244855
581,0,47,1,122949.14,1,0,0,180251.68,0,False,False,False,True,False,False,1,0.7179982467384807,France,41-50,88277.26695800401
460,0,40,6,119507.58,2,1,0,91560.63,0,True,False,True,False,False,False,1,0.4272675362708101,Germany,31-40,51061.70927228674
607,1,40,1,112544.45,1,1,1,19842.22,0,False,True,True,False,False,False,0,0.2768671802145412,Spain,31-40,31159.86452029642
701,0,35,9,0.0,2,0,0,170996.86,1,False,True,True,False,False,False,0,0.1070839523952158,Spain,31-40,0.0
600,0,32,7,98877.95,1,1,0,132973.21,0,False,False,True,False,False,False,0,0.2866116014232192,France,31-40,28339.567594944994
426,1,34,9,0.0,2,1,0,107876.91,1,False,False,True,False,False,False,0,0.0800564940831225,France,31-40,0.0
787,0,39,7,171646.76,1,0,1,100791.36,0,False,True,True,False,False,False,0,0.2704291733003894,Spain,31-40,46418.29140649035
666,0,59,8,152614.51,2,1,1,188782.3,0,True,False,False,False,True,False,0,0.4077041296218108,Germany,51-60,62221.56596720914
735,1,44,9,120681.63,1,1,0,74836.34,0,False,False,False,True,False,False,0,0.6148542933073614,France,41-50,74201.61832883047
711,1,32,5,0.0,2,1,1,147720.27,1,False,True,True,False,False,False,0,0.0404484568128127,Spain,31-40,0.0
709,0,39,9,124723.92,1,1,0,73641.86,0,True,False,True,False,False,False,0,0.713899788703874,Germany,31-40,89040.38013431888
746,0,24,4,0.0,1,0,1,94105.0,1,False,False,False,False,False,False,0,0.1673149392924428,France,18-30,0.0
809,1,33,8,148055.74,1,0,0,199203.21,0,True,False,True,False,False,False,0,0.3927267721019987,Germany,31-40,58145.45286137277
596,1,20,3,187294.46,1,1,0,103456.47,0,False,True,False,False,False,False,0,0.3382217543092256,Spain,18-30,63347.06083359908
605,0,36,6,0.0,1,0,1,690.84,1,False,False,True,False,False,False,0,0.3825454908400868,France,31-40,0.0
614,1,50,4,137104.47,1,1,0,127166.49,0,False,False,False,True,False,False,1,0.7319224041412105,France,41-50,100349.83330090647
741,1,52,1,171236.3,2,0,0,21834.4,0,False,False,False,False,True,False,1,0.6609300741223921,France,51-60,113175.22045144417
635,1,41,1,0.0,2,1,0,175611.5,1,False,True,False,True,False,False,0,0.0762758934132118,Spain,41-50,0.0
769,1,43,4,110182.54,2,1,1,87537.32,0,True,False,False,True,False,False,0,0.4377426621203311,Germany,41-50,48231.59837877986
636,1,37,1,115137.26,1,1,0,52484.01,0,False,True,True,False,False,False,0,0.2821198633470939,Spain,31-40,32482.508057358817
738,1,54,4,0.0,1,0,1,55725.04,1,False,False,False,False,True,False,1,0.6786692922474283,France,51-60,0.0
577,1,43,6,0.0,2,1,1,149457.81,1,False,True,False,True,False,False,0,0.1235652548318204,Spain,41-50,0.0
688,1,26,1,0.0,2,1,1,104435.94,1,False,False,False,False,False,False,0,0.053152329419785,France,18-30,0.0
586,0,56,9,100781.75,2,1,1,54448.41,0,True,False,False,False,True,False,0,0.6151085174819839,Germany,51-60,61991.71283173993
637,1,33,2,145731.83,1,0,1,109219.43,0,False,False,True,False,False,False,0,0.1556623194160131,France,31-40,22684.95467054012
527,0,25,6,0.0,2,0,1,96758.58,1,False,False,False,False,False,False,0,0.0532585985194165,France,18-30,0.0
797,1,37,4,75263.7,1,1,0,85801.77,0,False,False,True,False,False,False,0,0.2855913926880727,France,31-40,21494.664901857297
605,1,27,9,0.0,2,1,0,198091.81,1,False,False,False,False,False,False,0,0.0774492652537667,France,18-30,0.0
530,1,25,9,162560.32,1,1,0,64129.03,0,False,False,False,False,False,False,0,0.2565582619902909,France,18-30,41706.19316778553
540,0,31,10,118158.74,1,1,1,158027.57,0,False,True,True,False,False,False,0,0.2604718974138089,Spain,31-40,30777.031203824918
743,1,45,7,157332.26,1,1,0,125424.42,0,False,True,False,True,False,False,0,0.6292367517329995,Spain,41-50,98999.24022521173
622,0,58,7,116922.25,1,1,0,120415.61,0,True,False,False,False,True,False,1,0.945241797026972,Germany,51-60,110519.79770243687
759,0,45,8,0.0,2,1,1,99251.24,1,False,False,False,True,False,False,0,0.2538874189943981,France,41-50,0.0
669,1,57,5,0.0,2,1,1,56875.76,1,False,False,False,False,True,False,0,0.1209223799219635,France,51-60,0.0
693,1,31,2,0.0,2,1,1,107759.31,1,False,False,True,False,False,False,0,0.0559076015219335,France,31-40,0.0
583,1,59,7,127450.14,1,0,1,67552.71,0,False,False,False,False,True,False,0,0.4207836518311992,France,51-60,53628.93533559759
581,1,71,4,0.0,2,1,1,197562.08,1,False,False,False,False,False,True,0,0.1371450896185217,France,60+,0.0
601,1,38,4,60013.81,1,1,1,38020.05,0,False,False,True,False,False,False,0,0.3566222323916933,France,31-40,21402.258896530926
607,0,48,4,112070.86,3,1,0,173568.3,0,False,False,False,True,False,False,1,0.927688306721698,France,41-50,103966.82634624447
741,1,32,5,0.0,1,1,1,64839.23,1,False,False,True,False,False,False,0,0.2351227765597434,France,31-40,0.0
558,1,32,4,108235.91,1,1,1,143783.28,0,True,False,True,False,False,False,0,0.321519271279761,Germany,31-40,34799.930909501796
386,0,53,1,131955.07,1,1,1,62514.65,0,False,True,False,False,True,False,1,0.6045880709980656,Spain,51-60,79778.46122971471
491,1,26,4,102251.14,1,1,1,145900.89,0,True,False,False,False,False,False,0,0.2106617614557599,Germany,18-30,21540.40526325951
443,1,50,3,117206.3,1,1,0,42840.18,0,True,False,False,True,False,False,1,0.8731871188737623,Germany,41-50,102343.03141085386
586,1,38,2,136858.42,1,0,1,189143.94,0,True,False,True,False,False,False,0,0.4717815105428083,Germany,31-40,64567.2721181021
616,0,43,3,120867.18,1,1,0,18761.92,0,False,True,False,True,False,False,1,0.5665175513896893,Spain,41-50,68473.37885697682
615,1,59,8,0.0,2,1,1,165576.55,1,False,False,False,False,True,False,0,0.2486322226811106,France,51-60,0.0
597,1,45,7,0.0,2,0,0,167756.45,1,False,False,False,True,False,False,0,0.1888637172780524,France,41-50,0.0
515,1,41,8,0.0,2,1,1,185054.14,1,False,False,False,True,False,False,0,0.1069329380441297,France,41-50,0.0
696,0,30,0,0.0,2,1,1,9002.8,1,False,True,False,False,False,False,0,0.3204029109775881,Spain,18-30,0.0
540,1,48,2,109349.29,1,1,0,88703.04,0,False,False,False,True,False,False,1,0.7253689047758969,France,41-50,79318.57472532193
691,0,31,5,40915.55,1,1,0,126213.84,0,False,False,True,False,False,False,1,0.4311941528893162,France,31-40,17642.54592225046
706,0,23,5,0.0,1,0,0,164128.41,1,False,False,False,False,False,False,1,0.2782916091473048,France,18-30,0.0
802,1,40,5,0.0,2,1,1,175043.69,1,False,True,True,False,False,False,0,0.0573985437655683,Spain,31-40,0.0
685,1,23,5,164902.43,1,0,0,141152.28,0,False,True,False,False,False,False,0,0.2864021784343893,Spain,18-30,47228.415181124394
601,0,41,1,0.0,2,0,1,160607.06,1,False,False,False,True,False,False,0,0.1992607360257193,France,41-50,0.0
850,0,29,1,0.0,2,1,1,197996.65,1,False,True,False,False,False,False,0,0.1058095537097307,Spain,18-30,0.0
655,0,27,9,0.0,2,0,0,108008.05,1,False,True,False,False,False,False,0,0.0518350226618127,Spain,18-30,0.0
642,1,18,5,111183.53,2,0,1,10063.75,0,True,False,False,False,False,False,0,0.19971248315884,Germany,18-30,22204.73886266538
536,0,35,8,0.0,1,1,0,171840.24,1,False,False,True,False,False,False,1,0.5051771474175237,France,31-40,0.0
667,0,33,4,127076.68,2,1,0,69011.66,0,True,False,True,False,False,False,0,0.2757494823578746,Germany,31-40,35041.328729757275
680,0,48,8,115115.38,1,1,0,139558.6,0,True,False,False,True,False,False,1,0.9164289904501924,Germany,41-50,105495.07147869028
627,1,62,3,143426.34,2,1,1,143104.3,0,True,False,False,False,False,True,0,0.3333099976393534,Germany,60+,47805.43304682109
836,0,41,7,150302.84,1,1,1,156036.19,0,False,True,False,True,False,False,0,0.3108206919605188,Spain,41-50,46717.23273243114
777,1,43,1,0.0,2,1,0,21785.91,1,False,False,False,True,False,False,0,0.1669326654716602,France,41-50,0.0
595,1,36,6,85768.42,1,1,1,24802.77,0,False,True,True,False,False,False,0,0.1911179194220823,Spain,31-40,16391.881982519313
621,0,43,8,0.0,1,0,0,102806.6,1,False,True,False,True,False,False,0,0.7002838998211282,Spain,41-50,0.0
649,0,41,4,115897.73,1,1,0,143544.48,0,True,False,False,True,False,False,0,0.6670513839479545,Germany,41-50,77309.74119292636
531,0,32,0,109570.21,2,1,1,172049.84,0,True,False,True,False,False,False,0,0.2435396293547361,Germany,31-40,26684.6883317206
705,0,37,3,109974.22,1,1,1,36320.87,0,True,False,True,False,False,False,1,0.5534016181241663,Germany,31-40,60859.91129994306
812,1,34,5,103818.43,1,1,1,166038.27,0,False,False,True,False,False,False,0,0.1200573475059456,France,31-40,12464.165328031688
416,1,32,0,0.0,2,0,1,878.87,1,False,False,True,False,False,False,0,0.1248403905170492,France,31-40,0.0
564,1,41,9,103522.75,2,1,1,34338.21,0,True,False,False,True,False,False,0,0.3031057755683304,Germany,41-50,31378.343427716376
509,0,46,1,0.0,1,1,0,71244.59,1,False,False,False,True,False,False,1,0.8426538071259295,France,41-50,0.0
850,1,22,2,0.0,2,1,1,9684.52,1,False,True,False,False,False,False,0,0.0544754050898205,Spain,18-30,0.0
532,0,40,5,0.0,2,0,1,177099.71,1,False,False,True,False,False,False,0,0.1521676842050039,France,31-40,0.0
602,1,35,8,0.0,1,1,1,22499.29,1,False,False,True,False,False,False,0,0.3692502762055827,France,31-40,0.0
685,1,43,9,0.0,2,1,0,107811.28,1,False,True,False,True,False,False,0,0.1650664281590566,Spain,41-50,0.0
815,0,38,2,48387.0,1,1,0,184796.84,0,False,True,True,False,False,False,0,0.4398524384409197,Spain,31-40,21283.13993884078
850,0,40,0,0.0,2,1,0,1099.95,1,False,False,True,False,False,False,0,0.1728313976502794,France,31-40,0.0
739,1,37,7,104960.46,1,0,1,80883.82,0,False,False,True,False,False,False,0,0.1623622923658575,France,31-40,17041.620893374893
674,1,34,2,152797.9,1,1,0,175709.4,0,True,False,True,False,False,False,1,0.327515474918841,Germany,31-40,50043.67678510157
648,0,34,3,0.0,1,1,0,54726.43,1,False,False,True,False,False,False,0,0.4134391567495004,France,31-40,0.0
582,0,50,6,96486.57,2,1,1,20344.02,0,True,False,False,True,False,False,0,0.6465558906585733,Germany,41-50,62383.96020294078
684,0,34,6,0.0,2,1,1,130928.22,1,False,False,True,False,False,False,0,0.0646803317084612,France,31-40,0.0
648,0,53,6,111201.41,1,1,1,121542.29,0,False,True,False,False,True,False,0,0.6644887457297791,Spain,51-60,73892.08545428292
686,0,39,4,157731.6,2,1,0,162820.6,0,True,False,True,False,False,False,0,0.3075435778760225,Germany,31-40,48509.34060810963
788,0,43,10,0.0,2,1,1,116111.51,1,False,False,False,True,False,False,0,0.2748948351952031,France,41-50,0.0
731,1,46,10,0.0,2,1,0,153015.42,1,False,True,False,True,False,False,0,0.1829756404953912,Spain,41-50,0.0
634,1,43,3,212696.32,1,1,0,115268.86,0,True,False,False,True,False,False,0,0.5781495412019849,Germany,41-50,122970.27982335057
505,1,40,6,47869.69,2,1,1,155061.97,0,True,False,True,False,False,False,0,0.1892488887195617,Germany,31-40,9059.285635849916
464,1,38,3,116439.65,1,1,0,75574.48,0,False,False,True,False,False,False,0,0.3283182551877809,France,31-40,38229.26272267589
650,1,41,3,128808.65,3,0,0,113677.53,0,False,True,False,True,False,False,1,0.8088693778838639,Spain,41-50,104189.37259156036
730,0,39,1,99010.67,1,1,0,194945.8,0,False,False,True,False,False,False,0,0.3979741531989149,France,31-40,39403.687550907205
530,0,55,4,120905.03,1,0,1,123475.88,0,False,False,False,False,True,False,1,0.686737275147202,France,51-60,83029.9908537907
612,0,42,10,75497.51,1,0,0,149682.78,0,False,False,False,True,False,False,0,0.603554494664834,France,41-50,45566.86149650325
804,0,38,3,124197.22,1,1,0,74692.06,0,False,True,True,False,False,False,0,0.3382163312764189,Spain,31-40,42005.52810313028
640,0,47,6,89799.46,2,0,1,13783.77,0,False,False,False,True,False,False,1,0.5884119401002054,France,41-50,52839.07447855079
434,1,55,6,0.0,1,0,1,73562.05,1,False,True,False,False,True,False,1,0.4681492885236007,Spain,51-60,0.0
640,1,43,9,172478.15,1,1,0,191084.4,0,False,True,False,True,False,False,1,0.5775873654264209,Spain,41-50,99621.20025212303
473,1,40,8,152576.25,2,1,0,73073.68,0,True,False,True,False,False,False,0,0.2853518532559504,Germany,31-40,43537.915700343205
601,0,49,4,96252.98,2,1,0,104263.82,0,True,False,False,True,False,False,0,0.7468154720246301,Germany,41-50,71883.21469247727
749,0,33,10,76692.22,1,0,1,30396.43,0,True,False,True,False,False,False,0,0.2539171281820543,Germany,31-40,19473.46825630631
822,1,50,7,0.0,2,1,1,10062.8,1,False,False,False,True,False,False,0,0.2393430649977618,France,41-50,0.0
649,0,36,2,0.0,2,0,1,75035.48,1,False,False,True,False,False,False,0,0.1211259179172149,France,31-40,0.0
719,0,48,5,0.0,2,0,0,78563.66,1,False,True,False,True,False,False,0,0.3012504314086622,Spain,41-50,0.0
554,0,39,10,0.0,2,1,1,18391.93,1,False,False,True,False,False,False,0,0.3000251249421815,France,31-40,0.0
726,0,26,1,80780.16,1,1,1,19225.85,0,False,True,False,False,False,False,0,0.151368182576635,Spain,18-30,12227.546007449788
803,0,45,7,0.0,2,1,1,128378.04,1,False,True,False,True,False,False,0,0.2242098548521605,Spain,41-50,0.0
850,1,32,2,128647.98,2,0,0,54416.18,0,True,False,True,False,False,False,0,0.2179560226002196,Germany,31-40,28039.602036352597
666,0,38,6,127043.09,1,1,1,8247.0,0,False,False,True,False,False,False,0,0.3241242523506224,France,31-40,41177.74656256283
537,1,28,3,157842.07,1,1,0,86911.49,0,False,False,False,False,False,False,0,0.2655127292708755,France,18-30,41909.07879946458
504,1,43,5,134740.19,2,1,0,181430.91,0,True,False,False,True,False,False,0,0.4142095185996479,Germany,41-50,55810.66923592509
626,0,52,0,0.0,2,1,0,32159.46,1,False,False,False,False,True,False,1,0.517114176207241,France,51-60,0.0
696,1,28,4,172646.82,1,1,1,116471.43,0,False,False,False,False,False,False,0,0.19304380008793,France,18-30,33328.39820589684
602,1,29,5,103907.28,1,1,0,161229.84,0,False,True,False,False,False,False,0,0.2481092626764863,Spain,18-30,25780.358627519214
670,1,30,3,133446.34,1,0,0,3154.95,0,False,True,False,False,False,False,0,0.3197811814894163,Spain,18-30,42673.62827063836
511,1,48,6,149726.08,1,0,0,88307.87,0,True,False,False,True,False,False,1,0.8428318102685269,Germany,41-50,126193.90305081027
529,0,31,6,152310.55,1,1,0,13054.25,0,False,False,True,False,False,False,0,0.3034371384879682,France,31-40,46216.6774535286
637,0,44,2,0.0,2,1,0,149665.65,1,False,False,False,True,False,False,0,0.2831939455443591,France,41-50,0.0
520,0,30,4,145222.99,2,0,0,145160.96,0,False,True,False,False,False,False,0,0.3143766028333871,Spain,18-30,45654.71024950694
565,1,34,7,0.0,1,0,0,74593.84,1,False,False,True,False,False,False,0,0.3791673979102008,France,31-40,0.0
559,0,28,3,152264.81,1,0,0,64242.31,0,True,False,False,False,False,False,0,0.3928597560141109,Germany,18-30,59818.71610613495
689,0,55,4,0.0,2,1,1,58442.25,1,False,True,False,False,True,False,0,0.2044677644031135,Spain,51-60,0.0
673,1,59,0,178058.06,2,0,1,21063.71,0,False,False,False,False,True,False,1,0.3269526375242091,France,51-60,58216.552349443875
645,0,31,1,128927.93,1,1,1,2850.01,0,True,False,True,False,False,False,0,0.4503629495893002,Germany,31-40,58064.36283924282
541,0,39,6,109844.81,1,1,0,25289.23,0,False,False,True,False,False,False,0,0.3997884258366111,France,31-40,43914.68367622164
758,0,39,6,127357.76,1,0,1,56577.0,0,False,False,True,False,False,False,0,0.3191064343904912,France,31-40,40640.68068555992
483,0,30,9,0.0,2,0,0,136356.97,1,False,False,False,False,False,False,0,0.0622279599773255,France,18-30,0.0
575,1,43,3,0.0,1,1,0,83594.51,1,False,True,False,True,False,False,0,0.5973893547150456,Spain,41-50,0.0
526,1,35,5,0.0,2,1,1,105618.14,1,False,True,True,False,False,False,0,0.0427698986977421,Spain,31-40,0.0
612,0,31,8,117989.76,1,1,1,54129.86,0,False,False,True,False,False,False,0,0.1971384649240857,France,31-40,23260.32016316129
605,0,33,4,0.0,2,0,1,83700.66,1,False,False,True,False,False,False,0,0.0645180326120471,France,31-40,0.0
633,0,32,1,104001.38,1,0,1,36642.65,0,False,False,True,False,False,False,0,0.1936698318105024,France,31-40,20141.92977266015
661,0,30,7,0.0,2,1,0,72196.57,1,False,False,False,False,False,False,0,0.0598764855029231,France,18-30,0.0
633,0,33,3,0.0,2,1,0,191111.02,1,False,False,True,False,False,False,0,0.1163513470147323,France,31-40,0.0
644,1,37,6,117271.8,2,1,0,104217.96,0,False,False,True,False,False,False,1,0.2676331650251246,France,31-40,31385.823002193403
505,0,37,10,122453.97,2,1,1,52693.99,0,True,False,True,False,False,False,0,0.2703063080658486,Germany,31-40,33100.080538706185
679,0,39,7,91187.9,1,0,1,6075.36,0,False,True,True,False,False,False,0,0.2853654625456049,Spain,31-40,26021.877262062364
551,0,38,10,0.0,2,1,1,216.27,1,False,False,True,False,False,False,0,0.3473658823152591,France,31-40,0.0
665,1,39,10,46323.57,1,1,0,136812.02,0,False,False,True,False,False,False,0,0.384827128122518,France,31-40,17826.56640748243
751,1,38,7,0.0,2,0,0,90839.61,1,False,True,True,False,False,False,0,0.0767695711267547,Spain,31-40,0.0
788,1,37,8,141541.25,1,0,0,66013.27,0,False,True,True,False,False,False,0,0.2851772230649828,Spain,31-40,40364.34062414649
684,1,27,2,134603.88,1,1,1,71725.73,0,False,False,False,False,False,False,0,0.1520099404935128,France,18-30,20461.12778899594
717,0,35,5,103214.71,1,1,0,172172.7,0,True,False,True,False,False,False,0,0.5912423977205788,Germany,31-40,61024.91262043421
679,0,32,0,88335.05,1,0,0,159584.81,0,True,False,True,False,False,False,0,0.3262496535717851,Germany,31-40,28819.279460746315
521,0,77,6,0.0,2,1,1,49054.1,1,False,False,False,False,False,True,0,0.0833000606486237,France,60+,0.0
726,1,31,9,0.0,2,1,1,106117.3,1,False,False,True,False,False,False,0,0.0380811093203706,France,31-40,0.0
547,0,42,1,142703.4,1,1,0,86207.49,0,True,False,False,True,False,False,1,0.6596768742301052,Germany,41-50,94138.13285400839
504,1,34,0,54980.81,1,1,1,136909.88,0,False,True,True,False,False,False,0,0.2377158545363951,Spain,31-40,13069.810232253176
754,0,39,8,129401.87,1,1,1,87684.93,0,True,False,True,False,False,False,0,0.5700303582276266,Germany,31-40,73762.99431142476
775,1,36,2,109949.05,2,0,1,71682.54,0,True,False,True,False,False,False,0,0.2147512416928048,Germany,31-40,23611.69501044428
714,1,46,1,0.0,1,1,0,152167.79,1,False,False,False,True,False,False,1,0.7505832339343235,France,41-50,0.0
568,0,36,10,153610.61,1,1,1,54083.8,0,False,True,True,False,False,False,1,0.2185718116588253,Spain,31-40,33574.94931771726
704,1,27,5,147004.34,1,1,0,64381.33,0,True,False,False,False,False,False,1,0.4202599427511366,Germany,18-30,61780.03551256862
719,1,61,5,0.0,2,0,1,29132.43,1,False,False,False,False,False,True,0,0.1064413498462523,France,60+,0.0
828,1,42,10,0.0,1,1,1,186071.14,1,False,True,False,True,False,False,0,0.3847433563191682,Spain,41-50,0.0
615,1,32,7,92199.84,1,1,1,2755.53,0,False,False,True,False,False,False,0,0.1408909858683847,France,31-40,12990.126354507329
621,1,46,6,141078.37,1,0,0,34580.8,0,True,False,False,True,False,False,1,0.8706126985307122,Germany,41-50,122824.62041001426
622,0,23,8,0.0,2,1,1,131389.39,1,False,True,False,False,False,False,0,0.0690277280536499,Spain,18-30,0.0
589,1,28,7,0.0,2,1,0,151645.96,1,False,False,False,False,False,False,0,0.0406170346080393,France,18-30,0.0
754,0,47,1,185513.67,1,1,0,27438.83,0,False,False,False,True,False,False,0,0.6869426168367507,France,41-50,127437.24592878943
549,1,36,6,139422.37,1,0,0,83983.39,0,True,False,True,False,False,False,1,0.454891005359361,Germany,31-40,63421.98205888481
490,1,33,1,0.0,2,1,1,80792.83,1,False,False,True,False,False,False,0,0.044683386418235,France,31-40,0.0
643,1,30,5,94443.77,1,1,1,165614.4,0,False,False,False,False,False,False,0,0.1485565543481859,France,18-30,14030.24105085257
548,1,38,0,178056.54,2,1,0,38434.73,0,False,True,True,False,False,False,0,0.268470824467166,Spain,31-40,47802.98609557093
651,0,46,4,89743.05,1,1,0,156425.57,0,False,True,False,True,False,False,1,0.7627487932733458,Spain,41-50,68451.40309216954
678,0,55,5,0.0,1,0,1,196794.11,1,False,False,False,False,True,False,1,0.5719991224693888,France,51-60,0.0
407,1,37,1,0.0,1,1,1,49161.12,1,False,True,True,False,False,False,1,0.51007143169267,Spain,31-40,0.0
683,1,30,1,113257.2,1,1,1,65035.02,0,False,True,False,False,False,False,0,0.1587154113252819,Spain,18-30,17975.66308354972
629,0,45,7,129818.39,3,1,0,9217.55,0,True,False,False,True,False,False,1,0.9019549779617416,Germany,41-50,117090.34309147878
736,1,27,5,51522.75,1,0,1,192131.77,0,False,False,False,False,False,False,0,0.1486465410406336,France,18-30,7658.678572401305
538,0,31,0,0.0,2,0,0,179453.66,1,False,True,True,False,False,False,0,0.1076151920096852,Spain,31-40,0.0
655,1,37,9,121342.24,1,1,1,180241.44,0,True,False,True,False,False,False,0,0.5425589921735519,Germany,31-40,65835.32344248125
738,0,33,3,122134.4,2,0,1,27867.59,0,False,True,True,False,False,False,0,0.2061550482348433,Spain,31-40,25178.623123133642
588,1,59,4,0.0,2,1,1,27435.41,1,False,True,False,False,True,False,0,0.2793484088143192,Spain,51-60,0.0
736,1,57,9,95295.39,1,1,0,28434.44,0,True,False,False,False,True,False,1,0.923191583928876,Germany,51-60,87975.90203521997
623,1,40,5,118788.57,1,1,0,192867.4,0,False,False,True,False,False,False,0,0.4012963763683632,France,31-40,47669.42269497966
549,1,45,6,124240.93,1,1,1,146372.51,0,True,False,False,True,False,False,0,0.7988832304099144,Germany,41-50,99253.99550753203
630,1,31,0,0.0,2,1,1,34475.14,1,False,False,True,False,False,False,0,0.0902750775625515,France,31-40,0.0
494,0,35,9,112727.06,2,1,0,183752.91,0,False,False,True,False,False,False,0,0.2916212842771238,France,31-40,32873.61000998439
671,1,36,2,116695.27,1,0,0,193201.86,0,True,False,True,False,False,False,0,0.5598422695484312,Germany,31-40,65330.94480236696
785,0,38,1,0.0,1,1,0,134964.85,1,False,False,True,False,False,False,1,0.4249586815811512,France,31-40,0.0
724,1,29,4,0.0,1,1,0,8982.75,1,False,False,False,False,False,False,0,0.3036444653485658,France,18-30,0.0
532,1,42,1,159024.71,1,1,0,100982.93,0,False,False,False,True,False,False,1,0.6008401887331719,France,41-50,95548.43676963792
747,1,29,7,117726.33,1,1,1,175398.34,0,True,False,False,False,False,False,0,0.2722923616274081,Germany,18-30,32055.980421427583
598,0,43,5,0.0,3,1,1,100722.72,1,False,False,False,True,False,False,1,0.8369583389071987,France,41-50,0.0
647,1,35,3,192407.97,1,1,1,40145.28,0,True,False,True,False,False,False,0,0.30521547264052,Germany,31-40,58725.889503353
590,1,43,8,0.0,2,1,1,143628.31,1,False,False,False,True,False,False,0,0.1523842668122834,France,41-50,0.0
713,0,38,7,144606.22,1,1,1,56594.36,0,True,False,True,False,False,False,1,0.4702656237944421,Germany,31-40,68003.33425285632
791,1,36,6,111168.97,1,1,1,189969.91,0,False,False,True,False,False,False,0,0.188226322526692,France,31-40,20924.926402180146
620,0,29,1,138740.24,2,0,0,154700.61,0,False,False,False,False,False,False,0,0.1874592490895369,France,18-30,26008.14120890213
637,1,30,1,122185.53,1,1,0,102566.46,0,True,False,False,False,False,False,1,0.4904799538807382,Germany,18-30,59929.55311929355
544,0,32,9,110728.39,1,1,1,14559.62,0,False,False,True,False,False,False,0,0.2175525671802879,France,31-40,24089.24550424012
637,0,40,6,0.0,2,1,1,181610.6,1,False,True,True,False,False,False,0,0.1283341386457986,Spain,31-40,0.0
658,1,42,8,102870.93,1,0,1,103764.55,0,False,False,False,True,False,False,1,0.3663419371746247,France,41-50,37685.935775155216
714,0,51,4,88308.87,3,0,0,5862.53,0,False,False,False,False,True,False,1,0.881791999658029,France,51-60,77870.05506484093
642,0,33,4,84607.34,2,0,1,60059.47,0,False,False,True,False,False,False,0,0.1409315265844014,France,31-40,11923.841586445487
613,0,43,4,140681.68,1,0,1,20134.07,0,True,False,False,True,False,False,0,0.7697439693003357,Germany,41-50,108288.87477103966
684,1,32,3,102630.13,2,1,1,127433.47,0,True,False,True,False,False,False,0,0.1587108712675244,Germany,31-40,16288.517350599293
701,0,48,1,92072.68,1,1,1,133992.36,0,True,False,False,True,False,False,0,0.7448275060519131,Germany,41-50,68578.26461991585
615,0,30,9,0.0,1,1,0,87347.82,1,False,False,False,False,False,False,0,0.2853111010967601,France,18-30,0.0
599,1,39,2,188976.89,2,0,1,176142.09,0,True,False,True,False,False,False,0,0.1254026162613628,Germany,31-40,23698.196418935768
554,0,26,7,92606.86,2,1,0,192709.69,0,False,False,False,False,False,False,0,0.1580224257929781,France,18-30,14633.96066227071
589,0,19,9,83495.11,1,1,1,143022.31,0,True,False,False,False,False,False,1,0.1847545322656874,Germany,18-30,15426.099994522117
653,1,43,0,0.0,2,1,0,27862.58,1,False,False,False,True,False,False,0,0.1643446160959113,France,41-50,0.0
633,1,33,4,137847.41,2,1,0,98349.13,0,False,True,True,False,False,False,0,0.1882942379563424,Spain,31-40,25955.873020205494
762,1,28,3,125155.83,2,1,1,106024.02,0,True,False,False,False,False,False,0,0.1406011005696439,Germany,18-30,17597.047440707254
743,1,39,3,119695.75,1,0,1,26136.13,0,True,False,True,False,False,False,0,0.4998720407362112,Germany,31-40,59832.55881995135
714,1,45,0,124693.48,1,0,1,187194.15,0,False,True,False,True,False,False,0,0.4346370634642153,Spain,41-50,54196.40798033386
827,0,60,2,0.0,2,0,1,60615.83,1,False,False,False,False,True,False,0,0.2620711245736558,France,51-60,0.0
595,1,35,8,0.0,1,1,0,100015.79,1,False,True,True,False,False,False,1,0.503203790666998,Spain,31-40,0.0
663,1,36,10,0.0,2,1,0,136349.55,1,False,False,True,False,False,False,0,0.0885634661270045,France,31-40,0.0
544,1,37,2,0.0,2,0,0,135067.02,1,False,True,True,False,False,False,0,0.1003470101486854,Spain,31-40,0.0
775,1,32,8,121669.23,1,0,1,125898.39,0,True,False,True,False,False,False,0,0.4448149230703158,Germany,31-40,54120.28918247455
702,0,36,2,105264.88,2,1,1,52909.87,0,True,False,True,False,False,False,0,0.2586297163179532,Germany,31-40,27224.626052643383
583,0,42,4,0.0,2,1,0,17439.66,1,False,False,False,True,False,False,0,0.179122536720361,France,41-50,0.0
670,0,42,6,112333.63,1,1,1,65706.86,0,False,False,False,True,False,False,0,0.388817496623861,France,41-50,43677.28080327105
526,1,49,2,0.0,1,1,0,114539.67,1,False,True,False,True,False,False,1,0.8305236218279691,Spain,41-50,0.0
778,1,37,3,141803.77,1,0,1,179421.84,0,False,False,True,False,False,False,0,0.2284958448011882,France,31-40,32401.572222143386
614,1,38,2,116248.88,1,1,0,105140.92,0,False,False,True,False,False,False,0,0.2947667287865881,France,31-40,34266.30208270463
561,1,32,6,166824.59,1,1,0,139451.98,0,True,False,True,False,False,False,0,0.298013794560229,Germany,31-40,49716.02909185443
556,1,34,8,163757.06,1,1,1,104000.06,0,False,False,True,False,False,False,0,0.1619093386626824,France,31-40,26513.797285945202
683,0,29,9,0.0,2,1,1,48849.89,1,False,False,False,False,False,False,0,0.0769408349662149,France,18-30,0.0
698,1,55,8,155059.1,2,1,1,144584.29,0,True,False,False,False,True,False,0,0.440785063547899,Germany,51-60,68347.73524718003
663,1,67,9,0.0,3,1,1,72318.77,1,False,False,False,False,False,True,0,0.3797752203036821,France,60+,0.0
468,1,26,1,131643.25,1,1,0,64436.16,0,False,True,False,False,False,False,0,0.2898758400908869,Spain,18-30,38160.197686044645
591,1,36,7,135216.8,1,1,1,122022.89,0,False,True,True,False,False,False,0,0.1509578298485101,Spain,31-40,20412.03468706002
430,1,49,3,137115.16,1,1,0,146516.86,0,True,False,False,True,False,False,1,0.8709176926952849,Germany,41-50,119416.01878074482
661,0,41,1,0.0,2,0,1,131300.68,1,False,False,False,True,False,False,0,0.225341830839153,France,41-50,0.0
501,1,44,4,142051.07,2,0,1,74940.5,0,False,False,False,True,False,False,0,0.4256387431380625,France,41-50,60462.43889621694
745,0,36,9,0.0,1,1,0,19605.18,1,False,False,True,False,False,False,1,0.3772897234321027,France,31-40,0.0
666,0,27,1,85225.21,1,0,1,64511.44,0,False,False,False,False,False,False,0,0.1239936627216468,France,18-30,10567.38594412152
686,1,45,3,74274.87,3,1,0,64907.48,0,False,True,False,True,False,False,1,0.8501967003896074,Spain,41-50,63148.24939586703
661,1,44,1,141136.62,1,1,0,189742.78,0,True,False,False,True,False,False,1,0.8228168294131535,Germany,41-50,116129.58618248906
608,1,42,8,131390.75,2,1,0,71178.09,0,True,False,False,True,False,False,0,0.3684782408797501,Germany,41-50,48414.63242787103
705,0,40,3,92889.91,1,1,1,109496.69,0,True,False,True,False,False,False,0,0.4810085868126819,Germany,31-40,44680.84433825721
760,1,43,8,121911.59,1,1,0,193312.33,0,False,False,False,True,False,False,0,0.5303380557964014,France,41-50,64654.355619648006
698,0,36,7,121263.62,1,1,1,13387.88,0,True,False,True,False,False,False,0,0.5570694920793703,Germany,31-40,67552.26320110577
476,1,37,4,0.0,1,1,1,55775.84,1,False,False,True,False,False,False,1,0.3794156091052731,France,31-40,0.0
822,1,32,8,116358.0,1,1,0,108798.36,0,False,False,True,False,False,False,0,0.2025905766515873,France,31-40,23573.034318025395
850,0,42,8,0.0,1,1,0,19632.64,1,False,False,False,True,False,False,1,0.6409303961971955,France,41-50,0.0
745,0,33,1,0.0,2,1,1,174431.01,1,False,False,True,False,False,False,0,0.0935000280725383,France,31-40,0.0
579,0,38,4,175739.36,1,1,1,193130.55,0,False,False,True,False,False,False,0,0.371315250128814,France,31-40,65254.704415877684
753,0,38,9,151766.71,1,1,1,180829.99,0,True,False,True,False,False,False,0,0.3511960602950488,Germany,31-40,53299.87063594118
667,1,27,7,156811.74,1,1,1,149402.59,0,False,False,False,False,False,False,0,0.1658920597269575,France,18-30,26013.822537968128
638,0,48,10,138333.03,1,1,1,47679.14,0,False,False,False,True,False,False,0,0.5626517820041438,France,41-50,77833.32583953268
730,0,62,2,0.0,2,1,1,162889.1,1,False,True,False,False,False,True,0,0.0984315226694353,Spain,60+,0.0
758,0,35,5,0.0,2,0,0,100365.51,1,False,True,True,False,False,False,0,0.0903962034478721,Spain,31-40,0.0
549,0,29,8,0.0,2,1,1,189558.44,1,False,False,False,False,False,False,0,0.0680047777383962,France,18-30,0.0
708,1,32,10,86614.06,2,1,1,172129.26,0,False,False,True,False,False,False,0,0.1198642237063411,France,31-40,10381.92706395445
568,0,31,1,61592.14,2,1,1,61796.64,0,True,False,True,False,False,False,0,0.0822206268839865,Germany,31-40,5064.14436192626
519,1,48,10,71083.98,1,1,0,137959.0,0,False,False,False,True,False,False,0,0.7406962427364034,France,41-50,52651.63690474964
631,0,29,2,96863.52,2,1,1,31613.35,0,True,False,False,False,False,False,0,0.0956512609517629,Germany,18-30,9265.117828226306
757,1,32,9,0.0,2,1,0,115950.96,1,False,False,True,False,False,False,0,0.0545736135845427,France,31-40,0.0
734,1,30,3,0.0,2,1,0,107640.25,1,False,False,False,False,False,False,0,0.0542850862230582,France,18-30,0.0
678,1,31,2,0.0,2,1,1,58803.28,1,False,False,True,False,False,False,0,0.0543475293383864,France,31-40,0.0
762,1,56,10,100260.88,3,1,1,77142.42,0,True,False,False,False,True,False,1,0.8336909000167053,Germany,51-60,83586.5832836669
660,0,61,5,155931.11,1,1,1,158338.39,0,False,True,False,False,False,True,0,0.3901436545897453,Spain,60+,60835.53311963558
730,0,27,7,0.0,2,1,0,144099.48,1,False,False,False,False,False,False,0,0.0710414638685622,France,18-30,0.0
645,0,48,7,90612.34,1,1,1,149139.13,0,False,False,False,True,False,False,0,0.6356656954867893,France,41-50,57599.15612578542
660,1,31,9,125189.75,2,1,1,139874.43,0,True,False,True,False,False,False,0,0.178489102149386,Germany,31-40,22345.006075806094
565,0,40,1,89994.71,2,0,1,121084.27,0,True,False,True,False,False,False,0,0.3408791959720353,Germany,31-40,30677.32438653649
686,0,34,3,123971.51,2,1,0,147794.63,0,False,False,True,False,False,False,0,0.2442874672277481,France,31-40,30284.686186299445
740,1,44,9,0.0,1,0,1,96528.0,1,False,False,False,True,False,False,1,0.4547290172026342,France,41-50,0.0
721,1,33,5,0.0,2,0,1,117626.9,1,False,True,True,False,False,False,0,0.0313264527889395,Spain,31-40,0.0
604,0,71,2,0.0,2,1,1,49506.82,1,False,False,False,False,False,True,0,0.0473869947326954,France,60+,0.0
539,0,47,2,127286.04,2,1,1,166929.43,0,False,False,False,True,False,False,1,0.5677604587487443,France,41-50,72267.98046271101
759,1,38,1,0.0,2,1,0,20778.39,1,False,True,True,False,False,False,0,0.0822867309880403,Spain,31-40,0.0
567,1,41,0,134378.89,1,1,1,105746.94,0,True,False,False,True,False,False,0,0.4976869073611278,Germany,41-50,66878.6141787212
742,1,31,4,105239.1,1,1,1,19700.24,0,False,False,True,False,False,False,0,0.1411466038745545,France,31-40,14854.141559814629
687,0,72,9,0.0,1,0,1,69829.4,1,False,False,False,False,False,True,0,0.1844063489385653,France,60+,0.0
614,0,34,5,0.0,2,1,0,185561.89,1,False,False,True,False,False,False,0,0.1000486006466952,France,31-40,0.0
828,1,47,1,109876.82,2,1,0,83611.45,0,False,True,False,True,False,False,1,0.4774787780252997,Spain,41-50,52463.84974690581
764,0,39,9,138341.51,1,1,0,50072.94,0,True,False,True,False,False,False,1,0.6681369174945394,Germany,31-40,92431.07005294
635,1,46,8,0.0,2,1,1,60739.16,1,False,True,False,True,False,False,0,0.1305566124384209,Spain,41-50,0.0
546,0,30,5,0.0,2,0,1,198543.09,1,False,False,False,False,False,False,0,0.0935426056046725,France,18-30,0.0
484,0,35,7,133868.21,1,1,1,27286.1,0,False,True,True,False,False,False,0,0.2255241179468399,Spain,31-40,30190.509981372332
721,1,36,1,155176.83,2,1,1,49653.37,0,False,False,True,False,False,False,0,0.1608863987617782,France,31-40,24965.841349968665
609,0,40,10,137389.77,2,1,0,170122.22,0,True,False,True,False,False,False,0,0.4481907802085691,Germany,31-40,61576.82820897586
684,0,48,10,126384.42,1,1,1,198129.36,0,True,False,False,True,False,False,0,0.5812420288379957,Germany,41-50,73459.93669431336
586,0,38,2,0.0,2,1,0,87168.46,1,False,False,True,False,False,False,0,0.1954287414296524,France,31-40,0.0
835,1,35,6,127120.07,1,1,0,28707.69,0,False,False,True,False,False,False,0,0.281167420448655,France,31-40,35742.02216915246
709,0,41,3,150300.65,2,1,0,71672.86,0,False,False,False,True,False,False,0,0.3112179466015393,France,41-50,46776.25966587664
554,1,37,3,0.0,2,1,0,166177.3,1,False,True,True,False,False,False,0,0.0818219069969427,Spain,31-40,0.0
765,0,56,1,0.0,1,1,0,13228.93,1,False,False,False,False,True,False,1,0.9390909657366932,France,51-60,0.0
610,0,27,9,159561.93,1,0,1,103381.47,0,False,False,False,False,False,False,0,0.2296959393918051,France,18-30,36650.72740251945
592,0,34,6,102143.93,2,1,1,102628.98,0,True,False,True,False,False,False,0,0.1696272018871433,Germany,31-40,17326.389035656233
676,0,34,8,100359.54,1,0,0,46038.28,0,False,False,True,False,False,False,0,0.2987554297903443,France,31-40,29982.95750626125
613,1,20,3,0.0,2,1,1,149613.77,1,False,False,False,False,False,False,0,0.042156928824171,France,18-30,0.0
607,0,32,6,0.0,2,0,0,196062.01,1,False,False,True,False,False,False,0,0.1150121038328498,France,31-40,0.0
593,0,39,8,151391.68,1,1,0,27274.6,0,True,False,True,False,False,False,1,0.5050483838106665,Germany,31-40,76460.1233063816
638,1,24,1,0.0,2,0,1,162597.15,1,False,False,False,False,False,False,0,0.0478272395597337,France,18-30,0.0
711,0,25,5,190066.54,1,0,0,51345.39,0,False,False,False,False,False,False,1,0.3740028015189643,France,18-30,71085.4184350163
634,0,46,5,123642.36,1,1,1,49725.16,0,True,False,False,True,False,False,1,0.8247109039705921,Germany,41-50,101969.20248465738
439,1,36,2,165536.28,2,1,1,123956.83,0,False,False,True,False,False,False,0,0.1879851456548098,France,31-40,31118.36170695538
650,1,42,4,194532.66,1,1,0,171045.31,0,False,True,False,True,False,False,1,0.6294727551989424,Spain,41-50,122453.0094663791
742,0,25,4,132116.13,2,1,0,129933.5,0,False,False,False,False,False,False,0,0.1879560599371837,France,18-30,24832.027248948754
639,0,35,8,0.0,1,0,0,164453.98,1,False,False,True,False,False,False,0,0.4286284549271005,France,31-40,0.0
504,0,32,8,206663.75,1,0,0,16281.94,0,False,False,True,False,False,False,0,0.4263727262944001,France,31-40,88115.78651372432
701,1,23,3,0.0,2,1,0,38960.59,1,False,False,False,False,False,False,0,0.0406140475299823,France,18-30,0.0
645,1,40,6,131411.24,1,1,1,194656.11,0,False,False,True,False,False,False,0,0.2730458971346692,France,31-40,35881.29991937932
699,0,25,8,0.0,2,1,1,52404.47,1,False,True,False,False,False,False,0,0.0575403457613297,Spain,18-30,0.0
571,0,38,6,107193.82,2,0,0,38962.94,0,False,False,True,False,False,False,0,0.2801668572155348,France,31-40,30032.15566232774
667,1,23,1,0.0,2,1,0,91573.19,1,False,False,False,False,False,False,0,0.0472743335650914,France,18-30,0.0
638,1,34,5,146679.77,1,1,0,102179.86,0,False,True,True,False,False,False,0,0.2624921114258401,Spain,31-40,38502.282530756594
713,0,48,1,163760.82,1,0,0,157381.14,0,False,True,False,True,False,False,1,0.6519145740942329,Spain,41-50,106758.06522362234
584,0,30,5,0.0,2,1,1,185201.58,1,False,True,False,False,False,False,0,0.0713025417335795,Spain,18-30,0.0
687,1,34,7,129895.19,1,0,1,28698.17,0,False,False,True,False,False,False,0,0.1438495728375891,France,31-40,18685.367595157473
613,1,69,9,78778.49,1,0,1,8751.59,0,True,False,False,False,False,True,0,0.2533624698561997,Germany,60+,19959.51279794193
694,1,42,8,133767.19,1,1,0,36405.21,0,False,False,False,True,False,False,0,0.5395141218479839,France,41-50,72169.2880449224
682,1,30,9,0.0,2,1,1,2053.42,1,False,False,False,False,False,False,0,0.0670281741058885,France,18-30,0.0
796,0,50,1,94164.0,1,1,1,189414.74,0,False,False,False,True,False,False,0,0.5708435528322032,France,41-50,53752.91230889159
655,1,44,8,87471.63,1,0,1,188593.98,0,False,False,False,True,False,False,0,0.5065909733163124,France,41-50,44312.338179264356
586,1,42,6,0.0,2,1,1,123410.23,1,False,True,False,True,False,False,0,0.0809090666637138,Spain,41-50,0.0
640,0,33,6,84719.13,2,1,1,113048.79,0,False,False,True,False,False,False,0,0.1363709774077951,France,31-40,11553.230563238058
666,0,37,2,158468.76,1,0,1,93266.01,0,True,False,True,False,False,False,0,0.3015605222151011,Germany,31-40,47787.92202037953
543,1,42,7,0.0,1,1,1,56650.47,1,False,False,False,True,False,False,0,0.4189341421870505,France,41-50,0.0
492,0,49,2,151249.45,2,1,1,167237.94,0,True,False,False,True,False,False,0,0.6107477987950147,Germany,41-50,92375.26865645665
792,1,50,9,0.0,4,1,1,194700.81,1,False,False,False,True,False,False,1,0.7222757343842641,France,41-50,0.0
646,1,39,6,121681.91,2,0,1,61793.47,0,True,False,True,False,False,False,0,0.2343068849102157,Germany,31-40,28510.909282025226
741,1,36,8,116993.43,2,1,0,168816.22,0,True,False,True,False,False,False,0,0.3163860989941406,Germany,31-40,37015.09492564406
521,1,30,2,107316.09,1,1,0,64299.82,0,False,False,False,False,False,False,0,0.2398413694330612,France,18-30,25738.837987801642
782,0,70,7,97072.42,1,0,1,131177.22,0,False,False,False,False,False,True,0,0.201527869743963,France,60+,19562.79801349127
743,1,43,5,0.0,2,0,0,113079.19,1,False,False,False,True,False,False,1,0.1757368345813645,France,41-50,0.0
737,1,30,8,174356.13,1,0,0,31928.5,0,False,False,False,False,False,False,0,0.2936045506521988,France,18-30,51191.75320210636
674,1,18,7,0.0,2,1,1,55753.12,1,False,False,False,False,False,False,1,0.0723134758512803,France,18-30,0.0
676,1,38,8,0.0,2,1,1,133692.88,1,False,False,True,False,False,False,0,0.0499004513503345,France,31-40,0.0
835,1,38,7,86824.09,1,0,0,175905.97,0,False,True,True,False,False,False,0,0.3146874673007032,Spain,31-40,27322.45298278831
573,1,46,3,65269.23,1,0,1,189988.65,0,False,True,False,True,False,False,1,0.5981331523740994,Spain,41-50,39039.690292930136
727,0,57,1,109679.72,1,0,1,753.37,0,False,True,False,False,True,False,0,0.4276831313475132,Spain,51-60,46908.166094918466
664,0,34,7,93920.47,1,0,0,179913.98,0,False,False,True,False,False,False,0,0.3280300053265688,France,31-40,30808.732274373844
621,0,31,8,100375.39,1,1,1,90384.26,0,True,False,True,False,False,False,0,0.3780800737131576,Germany,31-40,37949.93485018694
660,1,46,5,109019.65,2,1,1,33680.56,0,True,False,False,True,False,False,0,0.5978072762264461,Germany,41-50,65172.74002166047
531,0,45,1,126495.57,2,1,1,164741.5,0,False,True,False,True,False,False,0,0.5235415742878263,Spain,41-50,66225.68985823594
596,1,30,6,121345.88,4,1,0,41921.75,0,False,True,False,False,False,False,1,0.8283511435365779,Spain,18-30,100516.99846145236
732,1,25,0,110942.9,1,0,0,172576.56,0,False,False,False,False,False,False,0,0.1993925192686729,France,18-30,22121.184325972452
488,0,22,6,0.0,2,1,1,66393.89,1,False,False,False,False,False,False,0,0.0597508702849277,France,18-30,0.0
713,0,25,4,121172.97,1,1,1,56268.98,0,False,False,False,False,False,False,0,0.1671721155280087,France,18-30,20256.74173971193
697,0,48,2,108128.96,2,1,1,103944.37,0,True,False,False,True,False,False,0,0.6685905459094144,Germany,41-50,72294.00039501724
651,1,38,2,0.0,3,1,0,67029.82,1,False,True,True,False,False,False,1,0.5566990263637199,Spain,31-40,0.0
658,1,37,3,168735.74,2,0,0,70370.24,0,True,False,True,False,False,False,0,0.1857515620601831,Germany,31-40,31342.927280380918
613,1,29,0,0.0,2,0,1,133897.32,1,False,True,False,False,False,False,0,0.0974571839103481,Spain,18-30,0.0
779,1,37,7,120092.52,2,1,0,135925.72,0,True,False,True,False,False,False,0,0.3199459452762073,Germany,31-40,38423.11483200183
579,0,39,5,117833.3,3,0,0,5831.0,0,True,False,True,False,False,False,1,0.830942666249573,Germany,31-40,97912.71647498582
588,0,48,1,143279.58,2,1,0,31580.8,0,True,False,False,True,False,False,1,0.6580493010847623,Germany,41-50,94285.02747871829
664,1,46,2,0.0,1,1,1,177423.02,1,False,False,False,True,False,False,1,0.6774155099041289,France,41-50,0.0
633,1,29,10,130206.28,1,1,0,184654.87,0,False,False,False,False,False,False,0,0.2096559125328636,France,18-30,27298.516450909545
779,0,41,10,99786.2,1,1,0,86927.53,0,False,False,False,True,False,False,0,0.4263549693723309,France,41-50,42544.342244781285
623,0,35,5,0.0,2,1,0,101192.08,1,False,False,True,False,False,False,0,0.1167255379185365,France,31-40,0.0
744,0,26,5,166297.89,1,1,1,181694.44,0,False,True,False,False,False,False,0,0.3038030684397031,Spain,18-30,50521.809257048226
644,1,33,7,174571.36,1,0,1,43943.09,0,False,False,True,False,False,False,0,0.1846800553922514,France,31-40,32239.84843470066
467,1,57,1,0.0,2,1,1,114448.77,1,False,False,False,False,True,False,0,0.3019645466669604,France,51-60,0.0
736,1,43,4,176134.54,1,1,1,52856.88,0,False,False,False,True,False,False,0,0.4034677999438106,France,41-50,71064.61534791511
592,1,55,8,85845.43,2,1,1,128918.42,0,False,True,False,False,True,False,0,0.3558141721662003,Spain,51-60,30545.020609701496
617,0,27,4,0.0,2,0,0,190269.21,1,False,False,False,False,False,False,0,0.0684775703893452,France,18-30,0.0
717,0,33,0,115777.23,1,1,1,81508.1,0,True,False,True,False,False,False,0,0.4509528601246299,Germany,31-40,52210.0730058071
781,1,35,4,80790.74,1,1,0,116429.51,0,False,True,True,False,False,False,0,0.2404649413007983,Spain,31-40,19427.340551748057
619,1,34,1,0.0,1,1,0,139919.38,1,False,True,True,False,False,False,0,0.4452609149312583,Spain,31-40,0.0
571,0,47,7,0.0,2,0,0,112366.98,1,False,False,False,True,False,False,0,0.3439986180838379,France,41-50,0.0
570,0,58,8,0.0,1,0,1,116503.92,1,False,False,False,False,True,False,1,0.5796460475530588,France,51-60,0.0
809,1,41,1,79706.25,2,1,0,165675.01,0,True,False,False,True,False,False,0,0.1842942437110137,Germany,41-50,14689.403062790985
703,0,26,1,97331.19,1,1,0,63717.49,0,True,False,False,False,False,False,0,0.379090613562813,Germany,18-30,36897.34053589873
475,0,32,8,119023.28,1,1,0,100816.29,0,False,False,True,False,False,False,0,0.2875169685712716,France,31-40,34221.212655009665
692,0,43,2,69014.49,2,0,0,164621.43,0,True,False,False,True,False,False,0,0.3341819945922383,Germany,41-50,23063.399923966084
484,0,39,5,0.0,2,1,1,175224.12,1,False,True,True,False,False,False,0,0.1033821581707076,Spain,31-40,0.0
705,0,57,3,0.0,2,1,1,34134.14,1,False,True,False,False,True,False,0,0.1724087391455784,Spain,51-60,0.0
674,0,45,6,72494.69,1,0,1,140041.78,0,False,False,False,True,False,False,0,0.5931909677383275,France,41-50,43003.19531699005
639,1,77,6,80926.02,2,1,1,55829.25,0,False,False,False,False,False,True,0,0.0981659575338851,France,60+,7944.180242706337
571,1,38,1,121405.04,1,1,1,154844.22,0,False,False,True,False,False,False,0,0.2116991148632847,France,31-40,25701.33950794167
524,1,29,9,144287.6,2,1,0,32063.3,0,True,False,False,False,False,False,0,0.2048222224061368,Germany,18-30,29553.306897647704
671,1,50,8,0.0,1,0,1,2560.11,1,False,True,False,True,False,False,0,0.5552814630799227,Spain,41-50,0.0
653,1,30,4,0.0,2,1,0,120736.04,1,False,True,False,False,False,False,0,0.0372430463491771,Spain,18-30,0.0
554,1,40,4,0.0,1,0,1,168780.04,1,False,False,True,False,False,False,0,0.4182277388902591,France,31-40,0.0
711,0,34,6,0.0,2,1,1,175310.38,1,False,False,True,False,False,False,0,0.0630690414069587,France,31-40,0.0
589,0,59,2,0.0,2,1,1,126160.24,1,False,False,False,False,True,False,1,0.3646172336828623,France,51-60,0.0
637,1,32,5,0.0,1,0,0,148769.08,1,False,False,True,False,False,False,0,0.3952160828142285,France,31-40,0.0
445,0,48,7,168286.58,1,1,0,16645.77,0,True,False,False,True,False,False,1,0.7462569962980115,Germany,41-50,125585.03770806499
598,0,40,9,0.0,1,1,0,68462.59,1,False,False,True,False,False,False,1,0.5691187014036088,France,31-40,0.0
651,0,45,10,135923.16,1,1,0,18732.84,0,False,True,False,True,False,False,0,0.5438112976613817,Spain,41-50,73916.55002183562
572,1,33,5,0.0,1,0,1,41139.05,1,False,False,True,False,False,False,0,0.3034119382355315,France,31-40,0.0
739,1,45,7,102703.62,1,0,1,147802.94,0,True,False,False,True,False,False,1,0.7773616945429312,Germany,41-50,79837.86007889328
697,1,31,3,108805.42,2,0,1,123825.83,0,True,False,True,False,False,False,0,0.2056500385641846,Germany,31-40,22375.838818992303
786,1,40,6,0.0,2,0,0,41248.8,1,False,True,True,False,False,False,0,0.0803810047070033,Spain,31-40,0.0
599,1,40,10,137456.28,2,1,1,14113.11,0,True,False,True,False,False,False,0,0.238540678074458,Germany,31-40,32788.91423679256
735,1,31,3,119558.35,1,0,0,72927.68,0,False,False,True,False,False,False,0,0.2154308487028524,France,31-40,25756.556810012673
850,1,43,0,108508.82,3,1,0,184044.8,0,True,False,False,True,False,False,1,0.7743178032319458,Germany,41-50,84020.31113369063
708,0,33,8,0.0,2,0,1,15246.83,1,False,False,True,False,False,False,0,0.1137302735954757,France,31-40,0.0
687,0,40,1,0.0,2,1,0,8207.36,1,False,True,True,False,False,False,0,0.1423143903369645,Spain,31-40,0.0
619,0,41,5,92467.58,1,1,0,38270.47,0,True,False,False,True,False,False,0,0.5907799166312869,Germany,41-50,54627.98920349686
776,0,38,2,169824.46,1,1,0,169291.7,0,False,False,True,False,False,False,0,0.4601160337116601,France,31-40,78138.95696242446
720,1,31,4,141356.47,1,0,0,137985.69,0,False,True,True,False,False,False,0,0.219933070583732,Spain,31-40,31088.962493977193
785,0,39,1,130147.98,1,1,0,163798.41,0,False,False,True,False,False,False,1,0.4165623724032432,France,31-40,54214.751312289845
774,1,36,7,103688.19,1,0,1,118971.74,0,False,False,True,False,False,False,0,0.1453114953853751,France,31-40,15067.085942702897
699,1,36,2,123601.56,2,1,0,103557.85,0,True,False,True,False,False,False,0,0.2551458510941646,Germany,31-40,31536.42522276645
776,1,36,1,0.0,2,1,0,53477.76,1,False,False,True,False,False,False,0,0.0650448652991248,France,31-40,0.0
559,1,34,4,0.0,2,1,1,66721.98,1,False,False,True,False,False,False,0,0.040078487944357,France,31-40,0.0
670,1,37,2,0.0,2,1,1,54229.74,1,False,False,True,False,False,False,0,0.0625951455564298,France,31-40,0.0
740,0,36,4,109044.6,1,0,0,94554.74,0,True,False,True,False,False,False,1,0.5771842068098844,Germany,31-40,62938.820957901116
577,1,29,2,0.0,1,1,1,168924.41,1,False,True,False,False,False,False,0,0.2429684532750468,Spain,18-30,0.0
761,0,33,6,138053.79,2,1,0,148779.41,0,False,False,True,False,False,False,0,0.1978873396215235,France,31-40,27319.097227768485
795,1,32,2,117265.21,1,1,1,198317.23,0,False,False,True,False,False,False,0,0.14337243893574,France,31-40,16812.59916001173
765,1,41,4,124182.21,1,0,0,100153.43,0,False,False,False,True,False,False,0,0.3840479188471362,France,41-50,47691.91930833802
517,0,59,8,154110.99,2,1,0,101240.08,0,True,False,False,False,True,False,1,0.7976856073293629,Germany,51-60,122932.11865427936
621,0,50,5,0.0,2,1,0,191756.54,1,False,False,False,True,False,False,1,0.3231004083082717,France,41-50,0.0
627,0,28,3,157597.61,1,0,1,34097.22,0,False,True,False,False,False,False,0,0.2048071004924336,Spain,18-30,32277.109548637356
624,1,46,3,0.0,2,1,1,62825.03,1,False,True,False,True,False,False,0,0.1232903529813025,Spain,41-50,0.0
656,0,23,4,163549.63,1,0,1,21085.12,0,True,False,False,False,False,False,0,0.2370820634238533,Germany,18-30,38774.68375260774
586,0,35,7,164769.02,3,1,0,119814.25,0,False,False,True,False,False,False,1,0.8685815076998893,France,31-40,143115.3238138332
590,0,51,3,154962.99,3,0,1,191932.27,0,False,True,False,False,True,False,1,0.8412754508466532,Spain,51-60,130366.55927679541
523,1,30,1,83181.29,1,1,1,138176.78,0,False,False,False,False,False,False,0,0.1215925203369331,France,18-30,10114.222695977329
728,1,37,0,0.0,2,1,1,72203.8,1,False,False,True,False,False,False,0,0.066846645079875,France,31-40,0.0
593,0,38,4,88736.44,2,1,0,67020.03,0,False,True,True,False,False,False,0,0.281927946266245,Spain,31-40,25017.282288177874
648,0,50,9,102535.57,1,1,1,189543.19,0,False,False,False,True,False,False,0,0.5874027727879509,France,41-50,60229.67812739305
530,0,33,4,129307.32,1,1,1,172930.28,0,False,False,True,False,False,False,0,0.2968097148193784,France,31-40,38379.668773258105
700,0,32,3,0.0,1,0,0,95740.37,1,False,False,True,False,False,False,0,0.3974511813086818,France,31-40,0.0
546,1,29,5,0.0,1,1,1,94823.95,1,False,False,False,False,False,False,0,0.1991949495236343,France,18-30,0.0
757,1,36,7,144852.06,1,0,0,130861.95,0,False,False,True,False,False,False,0,0.3054509011039245,France,31-40,44245.192253759735
750,0,37,6,0.0,1,1,1,117948.0,1,False,False,True,False,False,False,1,0.2653686804663106,France,31-40,0.0
683,0,36,7,0.0,2,1,0,104786.59,1,False,True,True,False,False,False,0,0.1029677926975769,Spain,31-40,0.0
606,1,61,5,108166.09,2,0,1,8643.21,0,False,False,False,False,False,True,0,0.3155980875149535,France,60+,34137.01113797034
650,1,20,8,0.0,2,1,1,113469.65,1,False,True,False,False,False,False,0,0.030792272197162,Spain,18-30,0.0
678,0,34,6,0.0,2,1,1,124592.84,1,False,False,True,False,False,False,0,0.0634612034415735,France,31-40,0.0
664,0,36,2,127160.78,2,1,0,78140.75,0,True,False,True,False,False,False,0,0.3279491453657497,Germany,31-40,41702.26912504212
627,1,44,6,153548.12,1,0,0,35300.08,0,False,False,False,True,False,False,1,0.5263589681420222,France,41-50,80821.4300033474
649,0,36,6,86607.39,1,0,0,19825.09,0,False,True,True,False,False,False,0,0.3355782284035155,Spain,31-40,29063.55450285234
779,1,33,1,158456.76,1,1,1,197000.92,0,True,False,True,False,False,False,1,0.3012640169441343,Germany,31-40,47737.320029552626
766,1,47,9,129289.98,1,1,0,169935.46,0,True,False,False,True,False,False,1,0.8942488411797842,Germany,41-50,115617.41479115747
684,0,38,3,0.0,2,1,0,44255.65,1,False,True,True,False,False,False,0,0.1772575198689479,Spain,31-40,0.0
744,1,42,1,112419.92,1,1,1,83022.92,0,False,False,False,True,False,False,0,0.2845177167311902,France,41-50,31985.458953503065
783,0,58,3,127539.3,1,1,1,96590.39,0,True,False,False,False,True,False,1,0.7241482824675184,Germany,51-60,92357.36504210957
744,1,30,1,128065.12,1,1,0,121525.48,0,False,True,False,False,False,False,0,0.3137914421331181,Spain,18-30,40185.73869175083
513,1,35,8,0.0,1,1,0,76640.29,1,False,False,True,False,False,False,1,0.3900945510349471,France,31-40,0.0
758,1,33,0,129142.54,2,1,1,26606.28,0,True,False,True,False,False,False,0,0.2295026933433105,Germany,31-40,29638.56075519621
622,0,28,1,143124.63,2,1,0,81723.8,0,True,False,False,False,False,False,0,0.1835471360865486,Germany,18-30,26270.115939946918
680,1,44,0,129974.79,2,1,1,33391.38,0,True,False,False,True,False,False,0,0.5489862992990562,Germany,41-50,71354.37896427196
667,0,44,5,140406.68,2,0,1,57164.19,0,True,False,False,True,False,False,0,0.5264415810166729,Germany,41-50,73915.91460450206
635,1,24,4,140197.18,1,1,1,142935.83,0,False,True,False,False,False,False,0,0.1638776369263898,Spain,18-30,22975.182562143716
546,0,27,8,0.0,2,1,1,14858.1,1,False,False,False,False,False,False,0,0.0737896706625226,France,18-30,0.0
610,0,35,7,81905.95,1,1,1,61623.19,0,False,False,True,False,False,False,0,0.2264326332501468,France,31-40,18546.17993735486
678,1,36,1,117864.85,2,1,0,27619.06,0,True,False,True,False,False,False,0,0.2746167560114584,Germany,31-40,32367.662754777146
599,1,35,6,137102.65,1,0,0,76870.81,0,False,True,True,False,False,False,0,0.2443896246186327,Spain,31-40,33506.46516771978
589,0,50,4,0.0,2,0,1,182076.97,1,False,False,False,True,False,False,0,0.325763442186066,France,41-50,0.0
698,1,29,5,95167.55,1,1,1,152723.23,0,False,False,False,False,False,False,0,0.1408191697763184,France,18-30,13401.41538064627
748,1,45,2,119852.01,1,0,0,73853.94,0,True,False,False,True,False,False,1,0.86577555422847,Germany,41-50,103764.94038314612
535,1,48,9,109472.47,1,1,0,157358.43,0,False,True,False,True,False,False,1,0.6950578476848106,Spain,41-50,76089.69937894
601,0,48,8,120782.7,1,1,0,63940.68,0,True,False,False,True,False,False,1,0.9006747882869196,Germany,41-50,108785.93275122253
810,0,38,9,153166.17,1,1,1,93261.69,0,False,False,True,False,False,False,0,0.282116406174457,France,31-40,43210.689427905934
570,1,21,7,116099.82,1,1,1,148087.62,0,False,True,False,False,False,False,0,0.1510248681157574,Spain,18-30,17533.960003763175
696,1,41,9,127523.75,1,0,1,191417.42,0,False,True,False,True,False,False,0,0.2284146625326691,Spain,41-50,29128.29432115046
656,0,49,9,97092.87,1,1,0,74771.22,0,True,False,False,True,False,False,1,0.900476088479829,Germany,41-50,87429.80779688053
838,0,41,5,0.0,2,1,0,81313.51,1,False,True,False,True,False,False,0,0.2036788899680602,Spain,41-50,0.0
585,0,56,1,128472.8,1,1,0,186476.91,0,False,True,False,False,True,False,1,0.898899020748609,Spain,51-60,115484.07411283189
594,1,61,3,62391.22,1,1,1,192434.11,0,False,False,False,False,False,True,0,0.3996327945405054,France,60+,24933.57760339147
688,1,41,2,112871.19,2,0,1,65520.74,0,True,False,False,True,False,False,0,0.2757719806307575,Germany,41-50,31126.711622450548
762,1,26,6,130428.78,1,1,0,173365.89,0,False,False,False,False,False,False,0,0.2460623299403783,France,18-30,32093.609498081016
669,1,25,1,157848.53,1,0,0,37543.93,0,False,False,False,False,False,False,1,0.2041726532371078,France,18-30,32228.353179677204
602,0,63,7,0.0,2,1,1,56323.21,1,False,False,False,False,False,True,0,0.1210048678587314,France,60+,0.0
504,0,44,0,131873.07,2,1,1,158036.72,0,True,False,False,True,False,False,1,0.5747659575769014,Germany,41-50,75796.15135715576
682,1,38,4,107192.38,1,1,1,15669.17,0,False,False,True,False,False,False,0,0.2570322573015212,France,31-40,27551.899396922436
850,0,45,5,127258.79,1,1,1,192744.23,0,True,False,False,True,False,False,1,0.6000946580094182,Germany,41-50,76367.32006374236
567,1,54,9,96402.96,1,0,0,52035.29,0,False,False,False,False,True,False,1,0.915167984105926,France,51-60,88224.90256504423
617,1,50,7,0.0,1,1,0,184839.7,1,False,True,False,True,False,False,1,0.8215576342281458,Spain,41-50,0.0
652,1,51,7,0.0,2,0,1,43496.36,1,False,False,False,False,True,False,0,0.1531773356077334,France,51-60,0.0
835,0,47,5,108289.28,2,1,1,45859.55,0,True,False,False,True,False,False,1,0.486057291473559,Germany,41-50,52634.79413242185
688,0,32,6,123157.95,1,1,0,172531.23,0,False,False,True,False,False,False,0,0.3338008194824474,France,31-40,41110.22463577828
646,0,37,7,96558.66,1,0,0,163427.18,0,False,False,True,False,False,False,0,0.3771629061222765,France,31-40,36418.344816872814
743,1,30,7,77599.23,1,0,0,144407.1,0,False,False,False,False,False,False,0,0.2102918996059924,France,18-30,16318.489484662312
507,0,29,4,89349.47,2,0,0,180626.68,0,False,False,False,False,False,False,0,0.1872537288672909,France,18-30,16731.02142981614
652,1,31,2,119148.55,1,0,0,149740.22,0,False,False,True,False,False,False,0,0.1864102108007458,France,31-40,22210.5063221032
588,0,35,7,0.0,2,1,1,108739.15,1,False,True,True,False,False,False,0,0.0785677074938338,Spain,31-40,0.0
640,0,20,4,0.0,2,0,1,78310.82,1,False,False,False,False,False,False,0,0.0617959196789641,France,18-30,0.0
545,1,37,9,95829.13,2,0,1,104936.88,0,True,False,True,False,False,False,0,0.1394448205553373,Germany,31-40,13362.87583682409
350,0,40,0,111098.85,1,1,1,172321.21,0,False,False,True,False,False,False,1,0.4619558626583001,France,31-40,51322.765092095084
651,1,41,1,90218.11,1,1,0,174337.68,0,True,False,False,True,False,False,0,0.6278157112772406,Germany,41-50,56640.34689973833
672,1,52,8,170008.84,1,0,0,56407.42,0,False,False,False,False,True,False,1,0.8739776441925127,France,51-60,148583.9254751018
438,1,31,8,78398.69,1,1,0,44937.01,0,True,False,True,False,False,False,0,0.2732572161630573,Germany,31-40,21423.00778023052
556,1,40,5,125909.85,1,1,1,95124.4,0,False,False,True,False,False,False,0,0.2562274870390366,France,31-40,32261.564458962042
719,1,36,3,155423.17,1,1,1,199841.32,0,False,False,True,False,False,False,0,0.1706033897908946,France,31-40,26515.719654046476
578,1,23,10,88980.32,1,1,1,125222.36,0,False,False,False,False,False,False,0,0.1439126696243423,France,18-30,12805.395395228257
674,0,21,9,120150.39,2,1,1,33964.03,0,False,False,False,False,False,False,0,0.1378227148822997,France,18-30,16559.452943967113
692,0,36,3,79551.12,1,0,1,178267.07,0,False,False,True,False,False,False,0,0.3290257602649692,France,31-40,26174.367737929795
719,1,38,0,0.0,1,1,0,126876.47,1,False,True,True,False,False,False,0,0.3958707257476546,Spain,31-40,0.0
840,0,51,1,87779.83,1,0,1,36687.11,0,True,False,False,False,True,False,1,0.6225996294585054,Germany,51-60,54651.6896319306
526,1,28,1,112070.44,1,0,1,126281.83,0,False,False,False,False,False,False,0,0.124254503989595,France,18-30,13925.256934095669
468,0,56,10,0.0,3,0,1,62256.87,1,False,False,False,False,True,False,1,0.7435518153935649,France,51-60,0.0
625,0,49,4,128504.76,1,1,0,126812.63,0,True,False,False,True,False,False,1,0.9230629653918498,Germany,41-50,118617.98483256796
495,1,47,10,137682.68,1,1,0,71071.47,0,False,False,False,True,False,False,0,0.707150907744413,France,41-50,97362.43214268354
659,1,36,6,123841.49,2,1,0,96833.0,0,False,False,True,False,False,False,0,0.2391377388200912,France,31-40,29615.17389071094
787,0,85,10,0.0,2,1,1,116537.96,1,False,False,False,False,False,True,0,0.0868501211484157,France,60+,0.0
673,0,43,5,168069.73,1,1,1,146992.24,0,False,False,False,True,False,False,1,0.4702554528095642,France,41-50,79035.70698473121
695,0,53,8,95231.91,1,0,0,70140.8,0,True,False,False,False,True,False,1,0.9166307311982432,Germany,51-60,87292.4952967053
690,0,54,1,144027.8,1,1,1,108731.02,0,True,False,False,False,True,False,1,0.7072330303310986,Germany,51-60,101861.2174459214
720,1,60,9,115920.62,2,0,0,157552.08,0,True,False,False,False,True,False,1,0.8497546129357987,Germany,51-60,98504.0815793778
432,0,45,3,110219.14,1,1,0,43046.7,0,True,False,False,True,False,False,1,0.856298844290368,Germany,41-50,94380.52220067827
641,1,31,10,155978.17,1,1,0,91510.71,0,False,False,True,False,False,False,0,0.2473340708795172,France,31-40,38578.715754437384
676,1,48,3,80697.44,1,0,0,101397.86,0,True,False,False,True,False,False,0,0.7903586719386102,Germany,41-50,63779.92150724568
468,1,46,7,91443.75,1,1,0,10958.18,0,False,False,False,True,False,False,0,0.6638581633472019,France,41-50,60705.6799245807
515,0,28,9,0.0,2,0,0,94141.75,1,False,False,False,False,False,False,0,0.058350855574621,France,18-30,0.0
671,1,32,6,123912.78,2,1,1,146636.44,0,False,True,True,False,False,False,0,0.1083728736181997,Spain,31-40,13428.784046619783
772,1,26,7,152400.51,2,1,0,79414.0,0,True,False,False,False,False,False,0,0.1597875271687461,Germany,18-30,24351.700632155764
571,1,40,10,112896.86,1,1,1,121402.53,0,False,False,True,False,False,False,0,0.2700610934477774,France,31-40,30489.049458420643
726,0,42,2,109471.79,1,0,1,175161.05,0,False,False,False,True,False,False,0,0.37517291382638,France,41-50,41070.85043608957
606,0,23,10,70417.79,1,0,1,90896.04,0,False,True,False,False,False,False,0,0.2281310734413193,Spain,18-30,16064.486022065399
624,0,35,7,119656.45,2,1,1,4595.05,0,False,True,True,False,False,False,0,0.2334044637646658,Spain,31-40,27928.349548233546
636,1,67,7,136709.35,1,0,1,66753.1,0,True,False,False,False,False,True,1,0.4395099867510098,Germany,60+,60085.12460723916
463,0,41,8,123151.51,2,1,0,70127.93,0,True,False,False,True,False,False,0,0.3758704546184966,Germany,41-50,46289.01405065433
635,0,65,5,117325.54,1,1,0,155799.86,0,True,False,False,False,False,True,1,0.8826085829539598,Germany,60+,103552.52860370812
576,1,52,2,100549.43,2,1,1,16644.16,0,False,True,False,False,True,False,0,0.4691458050119011,Spain,51-60,47172.3432808378
795,0,56,5,0.0,1,1,0,35418.69,1,False,True,False,False,True,False,1,0.9200379658401788,Spain,51-60,0.0
521,0,39,6,0.0,2,0,1,27375.15,1,False,False,True,False,False,False,0,0.1423666010919445,France,31-40,0.0
554,1,26,4,121365.39,1,1,1,8742.36,0,True,False,False,False,False,False,0,0.2777646913451541,Germany,18-30,33711.02009333425
733,1,44,3,106070.89,1,0,1,101617.43,0,False,True,False,True,False,False,0,0.3974047679647989,Spain,41-50,42153.07742826971
718,0,49,10,0.0,1,1,0,184474.72,1,False,False,False,True,False,False,1,0.8202447602610331,France,41-50,0.0
554,0,39,10,160132.75,1,1,0,32824.15,0,False,False,True,False,False,False,0,0.4124254508892758,France,31-40,66042.82162088968
490,1,34,5,122952.9,2,0,0,154360.97,0,False,False,True,False,False,False,0,0.1640026830607115,France,31-40,20164.605490095353
652,0,42,4,0.0,2,1,1,38152.01,1,False,True,False,True,False,False,0,0.1430752634621853,Spain,41-50,0.0
674,1,26,6,166257.96,1,1,1,149369.41,0,False,False,False,False,False,False,0,0.1695218792590252,France,18-30,28184.36182097184
498,0,29,9,0.0,1,1,0,190035.83,1,False,False,False,False,False,False,0,0.3387017565039948,France,18-30,0.0
811,1,42,10,0.0,2,1,1,3797.79,1,False,False,False,True,False,False,0,0.1572789462906244,France,41-50,0.0
850,1,31,6,131996.66,2,1,1,178747.43,0,False,False,True,False,False,False,0,0.1023064273638367,France,31-40,13504.10670855905
634,1,36,2,85996.19,1,1,0,15887.68,0,False,True,True,False,False,False,0,0.2810959877055924,Spain,31-40,24173.18396696779
588,0,64,3,0.0,1,1,1,189703.65,1,False,False,False,False,False,True,0,0.3341938375193528,France,60+,0.0
663,0,36,6,77253.5,1,0,0,35817.97,0,True,False,True,False,False,False,1,0.3287792840377452,Germany,31-40,25399.350419409948
609,1,39,3,121778.71,1,1,1,138399.67,0,False,False,True,False,False,False,0,0.2460172443862731,France,31-40,29959.66265911508
817,0,46,0,89087.89,1,0,1,87941.85,0,True,False,False,True,False,False,1,0.6620156782713403,Germany,41-50,58977.57992411256
763,1,32,9,160680.41,1,1,0,30886.35,0,True,False,True,False,False,False,0,0.414544418347729,Germany,31-40,66609.16710332462
634,1,38,2,148430.55,1,1,1,56055.72,0,True,False,True,False,False,False,0,0.3922197788193671,Germany,31-40,58217.397491037
708,1,19,7,112615.86,1,1,1,4491.77,0,False,True,False,False,False,False,0,0.1656352306789497,Spain,18-30,18653.153949208303
529,1,34,9,0.0,1,1,1,93208.22,1,False,True,True,False,False,False,0,0.3059563632687818,Spain,31-40,0.0
793,1,52,2,0.0,1,1,0,159123.82,1,False,True,False,False,True,False,1,0.8815864488363164,Spain,51-60,0.0
786,1,29,7,80895.44,2,1,0,64945.57,0,False,True,False,False,False,False,0,0.1484663061178137,Spain,18-30,12010.247158575232
642,0,33,9,0.0,2,1,1,150475.14,1,False,True,True,False,False,False,0,0.0723210021687997,Spain,31-40,0.0
603,1,35,1,123407.69,1,1,0,152541.89,0,True,False,True,False,False,False,1,0.488850009199322,Germany,31-40,60327.850391767075
582,1,31,2,0.0,2,1,1,33747.03,1,False,False,True,False,False,False,0,0.0493091545208147,France,31-40,0.0
598,0,35,8,0.0,3,0,1,88658.73,1,False,True,True,False,False,False,0,0.522359045126027,Spain,31-40,0.0
644,1,47,9,137774.11,2,1,0,151902.78,0,True,False,False,True,False,False,0,0.6634511817932681,Germany,41-50,91406.39610001571
627,1,29,5,139541.58,2,1,0,80607.33,0,True,False,False,False,False,False,0,0.2047715567516959,Germany,18-30,28574.14656819131
556,1,33,3,124213.36,2,1,0,62627.55,0,True,False,True,False,False,False,0,0.2275270174232328,Germany,31-40,28261.89532491829
696,1,24,9,0.0,1,0,0,10883.52,1,False,True,False,False,False,False,0,0.2923988183298873,Spain,18-30,0.0
454,0,48,5,144837.79,1,1,1,93151.77,0,False,True,False,True,False,False,0,0.5015584757294924,Spain,41-50,72644.62118042832
850,1,31,1,96399.31,2,1,0,106534.15,0,False,False,True,False,False,False,0,0.1850152338006851,France,31-40,17835.34087787472
606,1,34,3,161572.24,1,0,1,191076.22,0,False,True,True,False,False,False,0,0.2810231832135584,Spain,31-40,45405.54520374503
746,1,49,7,0.0,2,0,1,10096.25,1,False,True,False,True,False,False,0,0.2095799956344905,Spain,41-50,0.0
734,1,51,1,118537.47,1,1,1,116912.45,0,False,False,False,False,True,False,0,0.5071303168788901,France,51-60,60113.94472312193
694,1,47,4,0.0,2,1,0,197528.62,1,False,False,False,True,False,False,0,0.1589337173763995,France,41-50,0.0
622,0,32,6,169089.38,2,1,0,101057.95,0,False,False,True,False,False,False,0,0.2665361528891823,France,31-40,45068.432839617046
641,1,31,9,112494.99,1,1,1,32231.6,0,False,False,True,False,False,False,0,0.1473829947435382,France,31-40,16579.84851984438
539,0,22,0,100885.93,2,1,1,38772.65,0,False,False,False,False,False,False,0,0.1256459511342088,France,18-30,12675.908630909207
626,0,23,6,85897.95,1,1,0,109742.8,0,True,False,False,False,False,False,0,0.3474938490128691,Germany,18-30,29849.00926781498
662,1,29,5,147092.65,1,1,0,10928.3,0,False,False,False,False,False,False,0,0.2794878846005396,France,18-30,41110.61358878756
496,0,41,1,176024.05,2,1,0,182337.98,0,False,False,False,True,False,False,0,0.423002418362649,France,41-50,74458.59883998784
719,0,35,8,0.0,1,1,1,165162.4,1,False,True,True,False,False,False,0,0.2405517671704434,Spain,31-40,0.0
694,0,35,7,0.0,1,1,0,133570.43,1,False,True,True,False,False,False,1,0.4931480789080041,Spain,31-40,0.0
629,1,35,8,112330.83,1,1,1,91001.02,0,True,False,True,False,False,False,0,0.4439132388854563,Germany,31-40,49865.142571991586
707,0,46,7,127476.73,2,1,1,146011.55,0,False,False,False,True,False,False,0,0.5214547160288429,France,41-50,66473.34204243547
640,1,45,1,0.0,1,1,1,10908.33,1,False,False,False,True,False,False,0,0.6682326393514669,France,41-50,0.0
760,0,32,7,0.0,2,1,1,105969.05,1,False,False,True,False,False,False,0,0.0517114415310793,France,31-40,0.0
774,1,34,4,120875.23,2,0,1,113407.26,0,True,False,True,False,False,False,0,0.1943227857959748,Germany,31-40,23488.811427329187
710,1,34,9,134260.36,2,1,0,147074.67,0,True,False,True,False,False,False,0,0.1887942422236834,Germany,31-40,25347.58292687893
562,1,36,5,0.0,1,0,1,182843.24,1,False,True,True,False,False,False,0,0.4774327074054991,Spain,31-40,0.0
569,1,37,9,178755.84,1,1,0,199929.17,0,False,False,True,False,False,False,0,0.3346128226677917,France,31-40,59813.99619075214
685,0,43,6,117302.62,1,0,0,68701.73,0,False,True,False,True,False,False,0,0.504279785154181,Spain,41-50,59153.34001162254
516,1,37,8,0.0,1,1,0,101834.58,1,False,False,True,False,False,False,0,0.430565397401789,France,31-40,0.0
850,0,32,8,0.0,2,1,1,55593.8,1,False,False,True,False,False,False,0,0.0745572935096462,France,31-40,0.0
559,0,40,7,144470.77,1,1,1,18917.95,0,False,True,True,False,False,False,0,0.2731321044795773,Spain,31-40,39459.60544588498
757,1,30,3,145396.49,1,0,1,198341.15,0,False,True,False,False,False,False,0,0.1587562064237443,Spain,18-30,23082.595179727872
651,0,25,2,109175.14,2,1,0,114566.47,0,True,False,False,False,False,False,0,0.225040235028211,Germany,18-30,24568.799164837837
740,1,36,4,172381.8,1,1,1,86480.29,0,False,False,True,False,False,False,0,0.1772364050981033,France,31-40,30552.330536340218
545,0,55,5,0.0,1,0,0,10034.77,1,False,False,False,False,True,False,1,0.9169366243002958,France,51-60,0.0
641,1,40,5,102145.13,1,1,1,100637.07,0,False,True,True,False,False,False,0,0.2459826107111011,Spain,31-40,25125.925748824815
669,0,35,7,0.0,1,1,1,49108.23,1,False,False,True,False,False,False,1,0.2857281228397673,France,31-40,0.0
655,1,37,4,0.0,2,1,1,142415.97,1,False,False,True,False,False,False,0,0.038901643410763,France,31-40,0.0
729,0,39,1,131513.26,1,1,1,193715.0,0,True,False,True,False,False,False,0,0.5255291384615707,Germany,31-40,69114.05022407255
512,1,33,3,176666.62,1,1,0,94670.77,0,False,True,True,False,False,False,0,0.2820480487417441,Spain,31-40,49828.47544879918
621,1,31,7,136658.61,1,1,1,148689.13,0,False,False,True,False,False,False,0,0.1388316587473915,France,31-40,18972.54150841286
693,1,31,1,0.0,2,0,1,182270.88,1,False,False,True,False,False,False,0,0.08036866353205,France,31-40,0.0
708,1,33,3,0.0,2,1,0,138613.21,1,False,True,True,False,False,False,0,0.0615465513967978,Spain,31-40,0.0
754,0,19,9,0.0,1,1,0,189641.11,1,False,True,False,False,False,False,0,0.2864823730096063,Spain,18-30,0.0
778,0,48,3,102290.56,2,1,0,182691.31,0,True,False,False,True,False,False,0,0.5797752549279545,Germany,41-50,59305.53550072322
651,0,35,1,163700.78,3,1,1,29583.48,0,True,False,True,False,False,False,1,0.7891871714632105,Germany,31-40,129190.55553452129
608,1,50,6,0.0,1,1,0,93568.77,1,False,False,False,True,False,False,1,0.8155732388652096,France,41-50,0.0
702,0,60,5,138597.54,2,1,1,41536.59,0,True,False,False,False,True,False,1,0.4661904009013449,Germany,51-60,64612.84273654019
613,0,24,7,140453.91,1,1,0,129001.3,0,False,False,False,False,False,False,0,0.2736625168369845,France,18-30,38436.97051019531
717,1,36,2,148061.89,1,1,0,179128.69,0,False,False,True,False,False,False,1,0.3317317722230612,France,31-40,49116.83316839595
463,1,35,2,101257.16,1,1,1,118113.64,0,False,False,True,False,False,False,0,0.1738419145650062,France,31-40,17602.738557815162
692,1,24,2,120596.93,1,0,1,180490.53,0,True,False,False,False,False,False,0,0.2288328547498608,Germany,18-30,27596.539765969126
684,0,40,6,137326.65,1,1,0,186976.6,0,True,False,True,False,False,False,0,0.6600406784608693,Germany,31-40,90641.17523675834
678,0,49,1,0.0,2,1,1,102472.9,1,False,True,False,True,False,False,0,0.249288249335404,Spain,41-50,0.0
619,1,40,9,103604.31,2,0,0,140947.05,0,True,False,True,False,False,False,0,0.3717877383291164,Germany,31-40,38518.812096048656
632,0,40,3,109740.62,1,1,0,141896.74,0,False,True,True,False,False,False,0,0.5432961273176864,Spain,31-40,59621.65385544184
576,1,32,7,0.0,2,1,0,4660.91,1,False,False,True,False,False,False,0,0.0619457000856566,France,31-40,0.0
791,1,25,7,0.0,1,1,0,89666.28,1,False,True,False,False,False,False,0,0.2453346827589841,Spain,18-30,0.0
509,1,26,10,0.0,2,1,1,6177.83,1,False,False,False,False,False,False,0,0.0713258238914738,France,18-30,0.0
567,1,36,7,0.0,2,0,1,3896.08,1,False,False,True,False,False,False,0,0.0671340568901062,France,31-40,0.0
630,0,28,8,106425.75,1,1,1,20344.84,0,True,False,False,False,False,False,0,0.4370300727009593,Germany,18-30,46511.253259754114
674,0,27,4,79144.34,1,0,1,50743.83,0,False,False,False,False,False,False,0,0.1396777152936239,France,18-30,11054.70058962177
663,1,37,7,143625.83,2,0,1,176487.05,0,True,False,True,False,False,False,0,0.1378937917248562,Germany,31-40,19805.1102883296
626,1,62,3,0.0,1,1,1,65010.74,1,False,True,False,False,False,True,0,0.4076787314724633,Spain,60+,0.0
710,1,37,6,135795.63,1,0,1,46523.6,0,True,False,True,False,False,False,0,0.4227180912142588,Germany,31-40,57403.26950883774
698,1,45,5,164450.94,1,1,0,141970.02,0,False,True,False,True,False,False,1,0.6404927623051211,Spain,41-50,105329.63682427374
754,0,55,3,161608.81,1,1,0,8080.85,0,True,False,False,False,True,False,1,0.9287389712488248,Germany,51-60,150092.39994414677
520,1,34,4,134007.9,1,1,1,193209.11,0,False,False,True,False,False,False,0,0.2292578839586486,France,31-40,30722.367587742185
706,0,46,7,111288.18,1,1,1,149170.25,0,True,False,False,True,False,False,1,0.8022730625061636,Germany,41-50,89283.50898933718
738,1,31,9,79019.8,1,1,1,18606.23,0,False,True,True,False,False,False,0,0.1316998010294531,Spain,31-40,10406.89193738718
850,0,39,6,0.0,2,1,0,103921.43,1,False,True,True,False,False,False,0,0.0962006231256442,Spain,31-40,0.0
750,0,39,6,0.0,2,0,0,19264.33,1,False,True,True,False,False,False,0,0.1318458843024932,Spain,31-40,0.0
617,1,54,6,102141.9,1,1,1,45325.26,0,False,False,False,False,True,False,0,0.5961626316438405,France,51-60,60893.18390510199
616,1,37,9,0.0,1,1,0,111312.96,1,False,False,True,False,False,False,0,0.4460541382966527,France,31-40,0.0
548,1,32,5,175214.71,1,1,1,155165.61,0,True,False,True,False,False,False,0,0.2492593412471103,Germany,31-40,43673.903191403464
507,1,40,3,120105.43,1,1,0,92075.01,0,True,False,True,False,False,False,1,0.6169943909136973,Germany,31-40,74104.3766282777
809,0,38,2,154763.21,2,1,1,174800.31,0,False,False,True,False,False,False,0,0.1896512249858715,France,31-40,29351.032359245677
673,0,38,2,170061.92,2,0,0,134901.34,0,False,False,True,False,False,False,1,0.3215711199473806,France,31-40,54687.00207480184
487,1,44,6,61691.45,1,1,1,53087.98,0,False,True,False,True,False,False,0,0.4312010514030273,Spain,41-50,26601.418102577285
782,0,41,4,0.0,1,1,0,132943.88,1,False,True,False,True,False,False,0,0.6708903778284406,Spain,41-50,0.0
778,1,42,6,0.0,2,1,1,106197.44,1,False,False,False,True,False,False,0,0.099764985818755,France,41-50,0.0
608,0,56,5,0.0,2,0,1,153810.41,1,False,True,False,False,True,False,0,0.3565178004063605,Spain,51-60,0.0
526,0,37,5,53573.18,1,1,0,62830.97,0,False,False,True,False,False,False,0,0.4421870892102013,France,31-40,23689.368523934172
638,0,53,1,123916.67,1,1,0,16657.68,0,True,False,False,False,True,False,1,0.9268425013867364,Germany,51-60,114851.23638631476
681,1,34,7,0.0,2,0,0,130686.59,1,False,False,True,False,False,False,0,0.0450291517727137,France,31-40,0.0
693,1,44,5,124601.58,2,1,1,46998.13,0,True,False,False,True,False,False,1,0.534566558566112,Germany,41-50,66607.83781250009
529,1,61,1,0.0,2,1,1,191370.97,1,False,False,False,False,False,True,0,0.1886635196934117,France,60+,0.0
779,0,38,7,0.0,2,1,1,138542.87,1,False,True,True,False,False,False,0,0.0683293756167969,Spain,31-40,0.0
550,0,45,8,111257.59,1,0,0,97623.42,0,True,False,False,True,False,False,1,0.8907191586118853,Germany,41-50,99099.26695398611
535,1,35,8,118989.92,1,1,1,135536.72,0,False,True,True,False,False,False,0,0.1466964517143312,Spain,31-40,17455.399053772133
618,1,44,5,157955.83,2,0,0,139297.71,0,True,False,False,True,False,False,0,0.4690708742302055,Germany,41-50,74092.4792678577
458,1,35,9,146780.52,2,1,1,3476.38,0,True,False,True,False,False,False,0,0.1581292431924264,Germany,31-40,23210.292542990806
539,1,38,5,0.0,2,1,0,47388.41,1,False,False,True,False,False,False,0,0.0844280972800542,France,31-40,0.0
715,0,38,0,0.0,2,1,1,332.81,1,False,False,True,False,False,False,0,0.2197940527187625,France,31-40,0.0
592,0,41,2,138734.94,1,1,0,90020.74,0,False,True,False,True,False,False,0,0.4723384440180265,Spain,41-50,65529.84569053427
645,1,29,1,130131.08,2,0,1,196474.35,0,False,False,False,False,False,False,0,0.0956778021261725,France,18-30,12450.655722705123
733,1,38,9,111347.37,2,0,1,194872.97,0,True,False,True,False,False,False,0,0.2308905795085423,Germany,31-40,25709.058786052075
565,0,58,3,108888.24,3,0,1,135875.51,0,True,False,False,False,True,False,1,0.8451801107433632,Germany,51-60,92030.17474184991
566,1,34,3,0.0,1,0,0,188135.69,1,False,False,True,False,False,False,0,0.4421010304229241,France,31-40,0.0
569,0,42,1,0.0,1,1,1,83629.6,1,False,True,False,True,False,False,1,0.4795997034015176,Spain,41-50,0.0
680,1,34,3,143292.95,1,1,0,66526.01,0,False,False,True,False,False,False,0,0.2606971389693101,France,31-40,37356.06209947241
564,1,31,4,0.0,2,1,0,53520.03,1,False,False,True,False,False,False,0,0.0601158119788211,France,31-40,0.0
601,1,39,3,72647.64,1,1,0,41777.9,0,False,False,True,False,False,False,1,0.3220708089609118,France,31-40,23397.684183901092
771,0,33,5,0.0,2,1,0,8673.43,1,False,True,True,False,False,False,0,0.0751427420348305,Spain,31-40,0.0
636,0,32,8,0.0,2,1,0,138555.46,1,False,True,True,False,False,False,0,0.0881826425157305,Spain,31-40,0.0
659,1,39,8,106259.63,2,1,1,198103.32,0,True,False,True,False,False,False,0,0.2496935852742508,Germany,31-40,26532.347984615342
678,0,43,2,153393.18,2,1,1,193828.27,0,True,False,False,True,False,False,0,0.3152592922946815,Germany,41-50,48358.625369630696
732,1,46,0,0.0,2,1,1,184350.78,1,False,False,False,True,False,False,0,0.1509922172265966,France,41-50,0.0
651,1,28,10,79562.98,1,1,1,74687.37,0,False,False,False,False,False,False,0,0.1350618140232347,France,18-30,10745.92040789434
755,0,78,5,121206.96,1,1,1,76016.49,0,False,False,False,False,False,True,0,0.1194298733351501,France,60+,14475.731880138605
674,1,45,7,142072.02,1,1,0,37013.29,0,False,False,False,True,False,False,0,0.6404168897635821,France,41-50,90985.32117082943
659,1,20,8,0.0,2,0,0,112572.02,1,False,False,False,False,False,False,0,0.0285057328855846,France,18-30,0.0
721,0,49,1,120108.56,1,0,1,183421.76,0,False,False,False,True,False,False,0,0.579019153976734,France,41-50,69545.1567965638
766,0,26,3,104258.8,1,1,1,428.23,0,False,False,False,False,False,False,0,0.1810004397891841,France,18-30,18870.888651892586
575,0,30,8,0.0,2,1,0,185341.63,1,False,True,False,False,False,False,0,0.066660379057751,Spain,18-30,0.0
537,1,42,1,190569.23,1,0,1,127154.8,0,False,True,False,True,False,False,0,0.422401981539363,Spain,41-50,80496.82037243062
633,0,33,4,92855.02,1,1,1,159813.18,0,False,True,True,False,False,False,0,0.2116857675205447,Spain,31-40,19656.086176835528
707,1,40,1,0.0,2,1,0,14090.4,1,False,False,True,False,False,False,1,0.087481798617431,France,31-40,0.0
602,1,38,7,111835.94,2,1,0,124389.61,0,False,False,True,False,False,False,0,0.2795606285561639,France,31-40,31264.925681569435
684,1,42,1,117691.0,1,1,1,23135.65,0,True,False,False,True,False,False,1,0.5937738368859596,Germany,41-50,69881.83663694547
621,1,39,6,0.0,2,1,1,58883.91,1,False,False,True,False,False,False,0,0.063297386751842,France,31-40,0.0
777,0,30,4,137851.31,1,1,0,5008.23,0,False,False,False,False,False,False,1,0.2912163542903375,France,18-30,40144.55593234714
828,1,30,4,73070.18,2,0,0,161671.15,0,False,False,False,False,False,False,0,0.1294178348048706,France,18-30,9456.584484402158
573,1,30,8,127406.5,1,1,0,192950.6,0,True,False,False,False,False,False,0,0.4879006411776044,Germany,18-30,62161.71304019445
673,1,43,8,127132.96,1,0,1,6009.27,0,False,True,False,True,False,False,1,0.3582989421878723,Spain,41-50,45551.60508521308
481,1,44,9,175303.06,1,1,0,65500.53,0,False,False,False,True,False,False,1,0.6911436160758144,France,41-50,121159.59079755546
738,1,44,2,0.0,2,1,0,43018.82,1,False,True,False,True,False,False,1,0.1500421988083804,Spain,41-50,0.0
562,0,27,3,0.0,2,1,0,28137.03,1,False,False,False,False,False,False,0,0.062430152999923,France,18-30,0.0
707,0,53,6,109663.47,1,1,1,52110.45,0,False,True,False,False,True,False,0,0.6406033476687626,Spain,51-60,70250.78599897292
604,0,47,4,118907.6,1,0,1,47777.15,0,True,False,False,True,False,False,1,0.8495559052279146,Germany,41-50,101018.65375647879
655,1,32,9,113447.01,1,1,0,82084.3,0,True,False,True,False,False,False,0,0.5552927462440783,Germany,31-40,62996.30173607941
674,1,44,3,88902.21,1,1,0,73731.32,0,True,False,False,True,False,False,0,0.7279166127919309,Germany,41-50,64713.39557291693
663,1,52,0,136298.65,1,1,0,144593.3,0,False,True,False,False,True,False,1,0.858016921806741,Spain,51-60,116946.54811941436
510,0,38,4,0.0,1,1,0,118913.53,1,False,True,True,False,False,False,1,0.52336240398201,Spain,31-40,0.0
704,0,45,6,0.0,1,1,1,137739.45,1,False,False,False,True,False,False,0,0.6234509308215572,France,41-50,0.0
659,1,35,6,0.0,2,1,1,58879.11,1,False,False,True,False,False,False,0,0.0425266206937452,France,31-40,0.0
682,1,41,6,0.0,2,0,1,134158.09,1,False,False,False,True,False,False,1,0.0872917488202204,France,41-50,0.0
598,0,56,4,98365.33,1,1,1,44251.33,0,False,True,False,False,True,False,0,0.6085307629971827,Spain,51-60,59858.329317369666
552,0,42,8,103362.14,1,0,1,186869.58,0,True,False,False,True,False,False,1,0.6038668005354652,Germany,41-50,62416.964778298825
587,0,37,6,104414.03,1,1,0,192026.02,0,True,False,True,False,False,False,0,0.6509994794481674,Germany,31-40,67973.47917708533
686,1,37,9,134560.62,1,1,0,27596.39,0,False,False,True,False,False,False,0,0.3133951360591545,France,31-40,42170.64381310418
697,1,30,1,0.0,2,0,0,735.79,1,False,True,False,False,False,False,0,0.1286120618706989,Spain,18-30,0.0
778,0,45,1,162150.42,2,1,0,174531.27,0,True,False,False,True,False,False,0,0.4895891556794013,Germany,41-50,79387.08722086031
850,1,36,7,102800.72,1,1,1,87352.43,0,True,False,True,False,False,False,0,0.4095873326487492,Germany,31-40,42105.872699170926
656,1,36,8,97786.08,2,0,1,21478.36,0,False,False,True,False,False,False,0,0.121572317708559,France,31-40,11888.080385234567
656,0,32,1,104254.27,1,1,1,17034.37,0,False,True,True,False,False,False,0,0.2066925399903759,Spain,31-40,21548.579871142447
849,1,69,7,71996.09,1,1,1,139065.94,0,False,False,False,False,False,True,0,0.1540185609080989,France,60+,11088.73417280997
632,1,47,3,0.0,2,1,0,178822.32,1,False,True,False,True,False,False,0,0.1587740780984351,Spain,41-50,0.0
770,1,30,8,0.0,2,0,1,50839.85,1,False,True,False,False,False,False,0,0.0442767944244816,Spain,18-30,0.0
681,1,36,5,141952.07,1,1,1,185144.08,0,False,False,True,False,False,False,0,0.2294351515103031,France,31-40,32568.794687651156
660,1,37,2,97324.91,1,1,0,23291.83,0,False,False,True,False,False,False,0,0.27241559174182,France,31-40,26512.822948869376
649,0,36,8,0.0,2,0,1,109179.89,1,False,False,True,False,False,False,0,0.1031952305081574,France,31-40,0.0
807,0,42,9,105356.09,2,1,1,130489.37,0,True,False,False,True,False,False,0,0.3536386204552417,Germany,41-50,37257.982324158285
765,1,44,6,0.0,2,1,1,159899.97,1,False,False,False,True,False,False,0,0.1228401815775387,France,41-50,0.0
824,1,49,8,133231.48,1,1,1,67885.37,0,True,False,False,True,False,False,0,0.7863793662379777,Germany,41-50,104770.4868053478
619,1,25,4,0.0,1,1,0,145524.36,1,False,False,False,False,False,False,0,0.244572179914982,France,18-30,0.0
555,0,35,1,0.0,2,1,0,101667.0,1,False,True,True,False,False,False,0,0.1157634671651407,Spain,31-40,0.0
764,1,28,10,124023.18,1,1,0,166188.28,0,True,False,False,False,False,False,0,0.4904509634887185,Germany,18-30,60827.28812593476
752,0,53,8,114233.18,1,1,1,51587.04,0,False,False,False,False,True,False,0,0.6937119370466817,France,51-60,79244.92057280225
772,1,42,3,75075.31,2,1,0,92888.52,0,True,False,False,True,False,False,1,0.1902452937421331,Germany,41-50,14282.724403731701
660,0,40,8,167181.01,1,1,1,185156.94,0,False,False,True,False,False,False,0,0.4235547201972638,France,31-40,70810.30591284597
670,1,40,2,164948.98,3,0,0,177028.0,0,True,False,True,False,False,False,1,0.8015025711930773,Germany,31-40,132207.0315856755
654,1,32,9,121455.65,1,1,0,190068.53,0,False,False,True,False,False,False,1,0.2294661499115038,France,31-40,27869.960390499135
754,1,61,5,146622.35,1,1,1,41815.22,0,False,False,False,False,False,True,1,0.2943710732634677,France,60+,43161.378533911804
613,1,41,7,0.0,2,1,0,60297.72,1,False,False,False,True,False,False,0,0.1008221163767247,France,41-50,0.0
581,1,37,7,0.0,2,1,1,74320.75,1,False,False,True,False,False,False,0,0.0491188565743429,France,31-40,0.0
521,1,43,8,0.0,1,1,1,93180.09,1,False,False,False,True,False,False,0,0.4433659241025185,France,41-50,0.0
498,1,34,5,0.0,2,1,1,91711.66,1,False,False,True,False,False,False,0,0.0446306365596066,France,31-40,0.0
416,0,25,0,97738.97,2,1,1,160523.33,0,True,False,False,False,False,False,0,0.2255354529331917,Germany,18-30,22043.602868173635
708,0,59,2,0.0,1,1,0,179673.11,1,False,False,False,False,True,False,1,0.9057572931736178,France,51-60,0.0
737,0,45,2,99169.67,2,1,1,78650.95,0,True,False,False,True,False,False,0,0.5528398383205154,Germany,41-50,54824.944329098864
819,1,35,1,0.0,2,0,1,3385.04,1,False,False,True,False,False,False,0,0.0520839652319514,France,31-40,0.0
533,0,35,8,0.0,2,1,1,187900.12,1,False,False,True,False,False,False,0,0.0765529736726477,France,31-40,0.0
641,0,40,4,101090.27,1,1,1,51703.09,0,False,True,True,False,False,False,0,0.2930563166517256,Spain,31-40,29625.14217552844
688,1,26,0,0.0,2,1,0,105784.85,1,False,False,False,False,False,False,0,0.0997617797853734,France,18-30,0.0
756,0,34,2,148200.72,1,0,0,194584.48,0,True,False,True,False,False,False,0,0.4288736298668021,Germany,31-40,63559.380735273575
807,1,43,1,105799.32,2,1,0,34888.04,0,False,False,False,True,False,False,1,0.2797938553511446,France,41-50,29601.99963632946
769,1,29,2,123757.52,2,1,0,84872.66,0,False,False,False,False,False,False,0,0.1476894690590887,France,18-30,18277.68242086955
489,0,38,5,117289.92,1,0,0,85231.88,0,False,False,True,False,False,False,0,0.3728266625657674,France,31-40,43728.80942620585
545,0,44,1,0.0,2,1,1,82614.89,1,False,True,False,True,False,False,0,0.1634693494731669,Spain,41-50,0.0
773,1,51,8,116197.65,2,1,1,86701.4,0,True,False,False,False,True,False,0,0.5016564547654347,Germany,51-60,58291.30115107482
727,1,38,2,62276.99,1,1,1,59280.79,0,False,True,True,False,False,False,0,0.2860289826890239,Spain,31-40,17813.02409463451
639,1,39,6,150555.83,1,1,0,30414.17,0,False,False,True,False,False,False,0,0.3985900536598932,France,31-40,60010.056358509755
604,1,43,2,145081.72,1,1,1,23881.62,0,False,True,False,True,False,False,0,0.4409886883219117,Spain,41-50,63979.397402286864
585,1,37,6,152496.82,1,1,1,99907.29,0,True,False,True,False,False,False,0,0.3374071842547044,Germany,31-40,51453.52264399649
769,1,51,9,156773.78,2,1,0,40257.79,0,False,False,False,False,True,False,0,0.5637903938220606,France,51-60,88387.5511671731
581,1,28,3,104367.5,1,1,1,29937.75,0,False,False,False,False,False,False,0,0.1288175434991283,France,18-30,13444.364971145273
524,1,32,1,144875.71,1,0,0,187740.04,0,False,False,True,False,False,False,0,0.2301812222117223,France,31-40,33347.66799659104
683,0,35,1,132371.3,2,0,0,186123.57,0,True,False,True,False,False,False,0,0.2346898670178583,Germany,31-40,31066.20279398102
730,0,37,1,0.0,2,1,1,124364.63,1,False,False,True,False,False,False,0,0.0836812853031414,France,31-40,0.0
551,1,27,2,113873.22,1,1,1,85129.77,0,False,True,False,False,False,False,1,0.1727145431623804,Spain,18-30,19667.56117072924
764,0,40,9,100480.53,1,1,0,124095.69,0,False,False,True,False,False,False,0,0.5659768191596706,France,31-40,56869.650756877854
680,0,47,5,0.0,2,1,1,179843.33,1,False,False,False,True,False,False,0,0.2284002881211292,France,41-50,0.0
587,1,62,7,121286.27,1,0,1,6776.92,0,False,True,False,False,False,True,0,0.3249909161920516,Spain,60+,39416.93600881655
675,1,42,2,92616.64,2,1,0,8567.18,0,True,False,False,True,False,False,0,0.3731904657825792,Germany,41-50,34563.64702081746
735,1,41,7,179904.0,1,1,1,137180.95,0,False,False,False,True,False,False,0,0.3606465305691982,France,41-50,64881.75343552104
653,1,38,8,119315.75,1,1,0,150468.35,0,False,False,True,False,False,False,0,0.3138343336668248,France,31-40,37445.37889720745
615,1,66,7,0.0,2,1,1,74580.8,1,False,False,False,False,False,True,0,0.0576802394870411,France,60+,0.0
789,1,51,3,104677.09,1,1,0,74265.38,0,True,False,False,False,True,False,0,0.901251137170938,Germany,51-60,94340.34639824461
579,1,36,9,129829.59,1,1,1,60906.12,0,False,False,True,False,False,False,0,0.1740388511217695,France,31-40,22595.392685210376
714,0,49,5,140510.89,1,1,0,141914.94,0,True,False,False,True,False,False,0,0.9185527620010938,Germany,41-50,129066.66610073189
688,1,32,6,124179.3,1,1,1,138759.15,0,False,True,True,False,False,False,0,0.1331543213012901,Spain,31-40,16535.010411169293
518,1,46,4,113625.93,1,0,0,92727.42,0,True,False,False,True,False,False,1,0.8750079335956706,Germany,41-50,99423.59021218632
737,0,45,2,0.0,2,0,1,177695.67,1,False,True,False,True,False,False,0,0.2104096648129037,Spain,41-50,0.0
773,0,23,8,0.0,2,1,0,56759.79,1,False,True,False,False,False,False,0,0.0443124844488078,Spain,18-30,0.0
652,0,33,3,124832.51,1,1,0,195877.06,0,False,True,True,False,False,False,0,0.2874525039484834,Spain,31-40,35883.41757367409
834,1,38,8,0.0,2,1,1,66485.26,1,False,True,True,False,False,False,0,0.0566063259571568,Spain,31-40,0.0
586,1,42,6,126704.49,2,1,0,41682.3,0,True,False,False,True,False,False,0,0.3837709401417126,Germany,41-50,48625.501247476226
618,1,41,8,37702.79,1,1,1,195775.48,0,True,False,False,True,False,False,0,0.327319818452491,Germany,41-50,12340.870377952393
650,1,33,0,98064.97,1,1,0,52411.99,0,False,False,True,False,False,False,0,0.1943984675654139,France,31-40,19063.67988984829
708,1,41,0,0.0,1,1,0,128400.62,1,False,False,False,True,False,False,0,0.4062369143173575,France,41-50,0.0
544,1,22,3,66483.32,1,0,1,110317.39,0,False,True,False,False,False,False,0,0.2085826246055938,Spain,18-30,13867.265378093567
710,0,31,5,0.0,2,1,0,9561.73,1,False,True,True,False,False,False,0,0.0869908620645261,Spain,31-40,0.0
525,0,23,5,0.0,2,1,0,160249.1,1,False,False,False,False,False,False,0,0.0842760562035886,France,18-30,0.0
825,1,29,3,148874.01,2,0,1,71192.82,0,False,False,False,False,False,False,0,0.1027221857537399,France,18-30,15292.663709124132
694,0,31,10,0.0,2,1,0,160990.27,1,False,False,True,False,False,False,0,0.0995208706278917,France,31-40,0.0
623,1,23,1,106012.2,2,0,1,191415.94,0,False,False,False,False,False,False,0,0.1040197251193284,France,18-30,11027.359903295266
630,1,33,9,0.0,2,1,0,64804.59,1,False,False,True,False,False,False,0,0.0468439096804764,France,31-40,0.0
570,0,29,4,153040.03,1,1,1,131363.57,0,False,False,False,False,False,False,1,0.2153510973254178,France,18-30,32957.33839521486
578,0,28,8,161592.76,1,1,0,177834.79,0,False,True,False,False,False,False,0,0.3220061927731789,Spain,18-30,52033.869427310034
611,0,43,8,64897.75,1,1,0,114996.33,0,False,False,False,True,False,False,0,0.69340670709146,France,41-50,45000.5351251448
597,0,46,4,0.0,2,1,0,58667.16,1,False,True,False,True,False,False,1,0.2410568622366833,Spain,41-50,0.0
850,1,44,8,0.0,2,1,1,183617.32,1,False,True,False,True,False,False,0,0.1475148548294536,Spain,41-50,0.0
737,0,43,1,125537.38,1,1,0,138510.01,0,True,False,False,True,False,False,1,0.8550795031761078,Germany,41-50,107344.44052043026
703,0,42,7,0.0,2,0,1,72500.68,1,False,False,False,True,False,False,0,0.2176232749094771,France,41-50,0.0
681,1,25,5,0.0,1,0,1,90860.97,1,False,False,False,False,False,False,0,0.1962120311479427,France,18-30,0.0
459,0,42,6,129634.25,2,1,1,177683.02,0,False,True,False,True,False,False,1,0.4163485629599484,Spain,41-50,53973.033697890685
850,0,39,2,148586.64,1,1,1,176791.27,0,False,False,True,False,False,False,0,0.283611912922085,France,31-40,42140.941205065195
622,0,34,7,98675.74,1,1,0,138906.85,0,True,False,True,False,False,False,1,0.4397372474731753,Germany,31-40,43391.398299978704
593,1,44,5,0.0,1,1,0,128046.98,1,False,True,False,True,False,False,0,0.6016014748262278,Spain,41-50,0.0
708,0,51,8,70754.18,1,1,1,92920.04,0,False,False,False,False,True,False,1,0.5488303720862237,France,51-60,38832.04293605564
850,0,38,0,106831.69,1,0,1,148977.72,0,False,False,True,False,False,False,0,0.2574358102677138,France,31-40,27502.302677419215
733,1,48,7,85915.52,1,1,1,23860.5,0,True,False,False,True,False,False,0,0.5772701246563583,Germany,41-50,49596.46294031585
697,1,43,7,115371.94,2,1,0,64139.1,0,True,False,False,True,False,False,0,0.567854409882953,Germany,41-50,65514.46490575146
443,1,35,6,161111.45,1,0,0,13946.66,0,False,False,True,False,False,False,0,0.2697065718480213,France,31-40,43452.8168649639
596,1,21,4,210433.08,2,0,1,197297.77,0,False,False,False,False,False,False,1,0.2431187576064555,France,18-30,51160.22896889985
645,1,25,1,157404.02,2,1,0,93073.04,0,True,False,False,False,False,False,0,0.162834943829759,Germany,18-30,25630.87475527826
621,1,47,7,107363.29,1,1,1,66799.28,0,True,False,False,True,False,False,0,0.8304064555437822,Germany,41-50,89155.1691044192
741,0,21,9,0.0,2,0,1,139259.54,1,False,False,False,False,False,False,0,0.0441576273651809,France,18-30,0.0
595,0,64,2,105736.32,1,1,1,89935.73,0,True,False,False,False,False,True,1,0.6518929390017603,Germany,60+,68928.7604040306
630,0,49,1,0.0,2,0,1,162858.29,1,False,True,False,True,False,False,0,0.2934405555604987,Spain,41-50,0.0
562,1,45,6,136855.24,1,1,0,46864.0,0,False,False,False,True,False,False,0,0.6862612546275902,France,41-50,93918.44870475997
777,0,35,3,0.0,2,1,1,17257.72,1,False,True,True,False,False,False,0,0.094514487653978,Spain,31-40,0.0
720,1,64,3,45752.78,2,1,0,79623.28,0,False,True,False,False,False,True,1,0.6889760510741997,Spain,60+,31522.569690066623
626,0,26,8,148610.41,3,0,1,104502.02,0,False,True,False,False,False,False,1,0.796893705042555,Spain,18-30,118426.70023279317
714,1,45,8,150900.29,2,0,1,139889.15,0,False,True,False,True,False,False,0,0.4155180805079095,Spain,41-50,62701.798848886894
538,1,33,6,93791.38,1,1,1,199249.29,0,False,False,True,False,False,False,0,0.2311439922015652,France,31-40,21679.31400729404
633,0,36,6,125130.28,1,0,0,125961.48,0,False,False,True,False,False,False,0,0.3400620239649394,France,31-40,42552.056276099574
667,1,77,2,0.0,1,1,1,34702.92,1,False,True,False,False,False,True,0,0.1709957838733719,Spain,60+,0.0
754,0,35,4,0.0,2,1,0,44830.71,1,False,False,True,False,False,False,0,0.1003175155411669,France,31-40,0.0
554,1,42,1,0.0,2,0,1,183492.9,1,False,True,False,True,False,False,0,0.0916966101365783,Spain,41-50,0.0
618,1,56,7,0.0,1,1,1,142400.27,1,False,False,False,False,True,False,1,0.5252590253975947,France,51-60,0.0
583,0,22,2,0.0,2,0,1,5985.36,1,False,True,False,False,False,False,0,0.0741730498660202,Spain,18-30,0.0
756,1,28,8,179960.2,1,1,0,89938.08,0,False,False,False,False,False,False,0,0.3318237849302333,France,18-30,59715.07470080177
782,0,27,3,0.0,2,1,0,143614.01,1,False,True,False,False,False,False,0,0.0659506876107102,Spain,18-30,0.0
712,1,36,2,100749.5,3,0,0,70758.37,0,False,False,True,False,False,False,1,0.8365133454334038,France,31-40,84278.30129574271
793,1,54,2,128966.13,1,0,0,18633.4,0,True,False,False,False,True,False,1,0.9090533739947346,Germany,51-60,117237.09560754357
578,1,46,5,113226.47,1,1,0,56770.76,0,False,False,False,True,False,False,0,0.6709455574943318,France,41-50,75968.79703726523
709,1,32,4,147307.91,1,0,1,40861.55,0,False,False,True,False,False,False,0,0.1319521851819375,France,31-40,19437.600619084184
513,0,41,9,107135.04,2,1,1,160546.58,0,False,True,False,True,False,False,0,0.3195695042661117,Spain,41-50,34237.091622330045
507,1,46,6,92783.68,1,1,1,51424.29,0,False,True,False,True,False,False,0,0.4412814683992139,Spain,41-50,40943.71855388277
724,1,40,10,0.0,1,1,0,127847.25,1,False,False,True,False,False,False,1,0.49416679664928,France,31-40,0.0
661,0,32,1,145980.23,1,0,1,56636.28,0,True,False,True,False,False,False,0,0.3618073248861921,Germany,31-40,52816.71650257105
590,0,32,0,127763.24,1,1,0,100717.54,0,False,False,True,False,False,False,0,0.2597541609360179,France,31-40,33187.03320466708
554,0,31,6,135470.9,1,1,0,107074.81,0,True,False,True,False,False,False,0,0.542911622332296,Germany,31-40,73548.72609781622
597,1,28,2,0.0,3,1,1,78707.97,1,False,False,False,False,False,False,0,0.4052522176860024,France,18-30,0.0
474,1,26,6,0.0,2,0,0,152491.22,1,False,False,False,False,False,False,0,0.089076926119628,France,18-30,0.0
593,0,48,3,133903.12,2,1,1,85902.39,0,True,False,False,True,False,False,1,0.6397780632144997,Germany,41-50,85668.27877197873
594,1,41,2,122545.65,2,1,1,42050.24,0,True,False,False,True,False,False,0,0.2740133925737376,Germany,41-50,33579.149301653844
576,0,41,4,112609.91,1,0,0,191035.18,0,False,False,False,True,False,False,1,0.4733227386247935,France,41-50,53300.830997491525
566,1,22,7,144954.75,2,1,0,102246.0,0,True,False,False,False,False,False,0,0.1832750334288942,Germany,18-30,26566.586651927002
612,0,63,2,131629.17,2,1,0,122109.58,0,False,True,False,False,False,True,1,0.7819261726079777,Spain,60+,102924.29310166485
724,1,40,6,0.0,2,0,0,106149.48,1,False,False,True,False,False,False,0,0.0972122054323757,France,31-40,0.0
790,0,34,2,164011.48,1,1,0,199420.41,0,True,False,True,False,False,False,0,0.333681982080298,Germany,31-40,54727.67573032316
657,1,29,7,83889.03,1,1,0,153059.62,0,False,True,False,False,False,False,0,0.2124361519433471,Spain,18-30,17821.062723460003
687,1,48,4,0.0,2,1,1,170893.85,1,False,False,False,True,False,False,0,0.1790792111040405,France,41-50,0.0
723,1,38,6,0.0,2,1,1,94415.6,1,False,True,True,False,False,False,0,0.0538365358537769,Spain,31-40,0.0
662,0,22,9,0.0,2,1,1,44377.65,1,False,False,False,False,False,False,0,0.0692461105265704,France,18-30,0.0
786,0,39,7,0.0,2,0,0,100929.59,1,False,True,True,False,False,False,0,0.1040148448453952,Spain,31-40,0.0
524,1,40,2,180516.9,1,1,0,180002.42,0,False,False,True,False,False,False,0,0.4665566675186596,France,31-40,84221.36329479911
625,1,52,8,121161.57,1,1,0,48988.28,0,False,True,False,False,True,False,0,0.833263547284874,Spain,51-60,100959.51961280456
759,0,22,5,0.0,1,1,0,22303.17,1,False,False,False,False,False,False,0,0.302258599190301,France,18-30,0.0
678,0,41,1,143443.61,1,1,0,196622.28,0,False,False,False,True,False,False,1,0.3616307921062575,France,41-50,51873.62630688107
601,0,37,5,0.0,1,0,0,20708.6,1,False,False,True,False,False,False,0,0.4348985842672001,France,31-40,0.0
661,1,48,3,120320.54,1,0,0,96463.25,0,False,False,False,True,False,False,0,0.6804618249665036,France,41-50,81873.5342293552
671,1,38,0,92674.94,2,1,0,3647.57,0,False,True,True,False,False,False,0,0.2435220736113383,Spain,31-40,22568.39356060636
663,1,33,5,157274.36,2,1,1,28531.81,0,False,False,True,False,False,False,0,0.1861479561009939,France,31-40,29276.30066109191
800,0,46,6,0.0,2,1,0,171928.04,1,False,True,False,True,False,False,0,0.2976866661108118,Spain,41-50,0.0
650,0,30,6,0.0,1,0,0,67997.13,1,False,True,False,False,False,False,1,0.3126978738340416,Spain,18-30,0.0
807,1,37,10,130110.45,2,0,1,172097.95,0,True,False,True,False,False,False,0,0.1871365422656302,Germany,31-40,24348.419725625165
687,0,30,6,0.0,2,0,0,179206.92,1,False,False,False,False,False,False,0,0.0705587000334645,France,18-30,0.0
478,0,50,2,0.0,1,0,1,93332.64,1,False,False,False,True,False,False,1,0.7798483786964713,France,41-50,0.0
497,1,27,7,149400.27,1,0,0,167522.19,0,False,True,False,False,False,False,0,0.2437130265738696,Spain,18-30,36410.79197265329
678,1,55,4,129646.91,1,1,1,184125.1,0,True,False,False,False,True,False,1,0.7350609943761234,Germany,51-60,95298.38658239177
705,0,44,10,106731.58,1,1,0,137419.87,0,True,False,False,True,False,False,1,0.860529520889605,Germany,41-50,91845.67540119054
702,1,39,8,0.0,2,1,0,99654.13,1,False,True,True,False,False,False,0,0.0605579294595076,Spain,31-40,0.0
688,0,46,0,74458.25,1,0,1,6866.31,0,True,False,False,True,False,False,0,0.5923393809741047,Germany,41-50,44104.55371341513
701,1,29,2,0.0,2,1,0,176943.59,1,False,False,False,False,False,False,0,0.0652793841377644,France,18-30,0.0
621,1,26,2,75237.54,1,0,1,44220.4,0,False,False,False,False,False,False,0,0.1211502283213636,France,18-30,9115.045149337726
595,0,39,7,120962.13,1,0,0,23305.01,0,False,False,True,False,False,False,0,0.3651804670001415,France,31-40,44173.007122731826
717,1,38,7,97459.06,1,0,0,189175.71,0,False,False,True,False,False,False,0,0.3311150925827754,France,31-40,32270.16567493026
503,1,37,6,0.0,2,0,0,136506.86,1,False,True,True,False,False,False,0,0.0809642875198192,Spain,31-40,0.0
576,1,46,4,137367.94,1,1,1,33450.11,0,True,False,False,True,False,False,0,0.8141865139163341,Germany,41-50,111843.12419246815
760,0,51,2,100946.71,1,0,0,179614.8,0,False,False,False,False,True,False,1,0.8553039293216921,France,51-60,86340.11771509735
841,1,32,2,117070.21,1,1,0,113482.2,0,True,False,True,False,False,False,0,0.4526062646091807,Germany,31-40,52986.71044511235
694,1,37,10,143835.47,1,0,1,33326.71,0,False,False,True,False,False,False,0,0.1701598269488964,France,31-40,24475.018684313178
850,1,39,6,206014.94,2,0,1,42774.84,0,False,True,True,False,False,False,1,0.2079602866347044,Spain,31-40,42842.925973431426
689,0,57,4,0.0,2,1,0,136649.8,1,False,True,False,False,True,False,1,0.6420319859071572,Spain,51-60,0.0
521,0,39,3,146408.68,1,0,0,72993.67,0,False,True,True,False,False,False,0,0.335689289062078,Spain,31-40,49147.82570171728
850,1,36,0,0.0,2,1,0,141242.57,1,False,True,True,False,False,False,0,0.1018427588240284,Spain,31-40,0.0
656,0,41,6,101179.23,2,1,1,35230.61,0,False,True,False,True,False,False,0,0.2674254387600043,Spain,41-50,27057.899976149387
665,0,23,9,143672.9,1,1,1,115147.33,0,False,False,False,False,False,False,0,0.2214631600644689,France,18-30,31818.25444962643
748,0,40,4,0.0,2,1,0,132368.47,1,False,True,True,False,False,False,0,0.1207601903340466,Spain,31-40,0.0
850,1,68,5,169445.4,1,1,1,186335.07,0,False,False,False,False,False,True,0,0.1941674939743889,France,60+,32900.78868348792
753,0,36,7,128518.98,1,1,1,44567.83,0,False,False,True,False,False,False,1,0.2220611940428326,France,31-40,28539.07815596692
656,1,50,7,0.0,2,0,1,72143.44,1,False,False,False,True,False,False,0,0.23308129843704,France,41-50,0.0
687,0,50,5,0.0,2,1,0,110230.4,1,False,True,False,True,False,False,0,0.3448850841842074,Spain,41-50,0.0
636,0,33,0,0.0,1,1,0,92277.47,1,False,True,True,False,False,False,1,0.4532995950529415,Spain,31-40,0.0
774,1,53,4,113709.28,1,1,1,153887.93,0,False,False,False,False,True,False,1,0.5390963623763889,France,51-60,61300.25921643827
577,1,31,6,0.0,1,1,1,196395.25,1,False,True,True,False,False,False,0,0.4061861738081853,Spain,31-40,0.0
531,0,47,6,0.0,1,0,0,194998.34,1,False,False,False,True,False,False,1,0.8218079598691015,France,41-50,0.0
794,1,56,9,96951.21,1,1,1,71776.76,0,False,False,False,False,True,False,0,0.5516949035640071,France,51-60,53487.4884513638
713,0,47,1,0.0,1,1,0,107825.08,1,False,True,False,True,False,False,1,0.8893348973174858,Spain,41-50,0.0
569,0,51,3,0.0,3,1,0,75084.96,1,False,True,False,False,True,False,1,0.8452843120395949,Spain,51-60,0.0
827,1,38,5,0.0,2,0,0,103305.01,1,False,False,True,False,False,False,0,0.0720143085425082,France,31-40,0.0
613,1,38,9,126265.88,2,0,0,15859.95,0,True,False,True,False,False,False,0,0.315270028528292,Germany,31-40,39807.847589749894
660,1,24,5,85089.3,1,1,1,71638.0,0,True,False,False,False,False,False,0,0.1230091337035494,Germany,18-30,10466.761080441427
608,0,28,4,0.0,2,1,0,10899.63,1,False,True,False,False,False,False,1,0.0589329535626817,Spain,18-30,0.0
737,1,45,10,0.0,2,1,0,1364.54,1,False,False,False,True,False,False,0,0.2018093184642998,France,41-50,0.0
608,0,38,8,103653.51,2,1,1,137079.86,0,True,False,True,False,False,False,0,0.3576503502128053,Germany,31-40,37071.71415228651
535,1,38,8,85982.07,1,1,0,9238.35,0,False,False,True,False,False,False,0,0.3033262006186649,France,31-40,26080.61461442809
807,0,60,1,72948.58,2,1,1,17355.36,0,True,False,False,False,True,False,0,0.3807582566640521,Germany,51-60,27775.77414691814
655,1,37,8,163708.58,2,0,0,76259.23,0,False,True,True,False,False,False,0,0.2716775004148761,Spain,31-40,44475.937810868774
850,1,43,5,129305.09,2,0,1,19244.58,0,True,False,False,True,False,False,0,0.3739430472503413,Germany,41-50,48352.73937957963
588,1,37,2,0.0,2,0,1,187816.59,1,False,True,True,False,False,False,0,0.0824047715107312,Spain,31-40,0.0
635,0,29,8,138296.94,2,1,0,141075.51,0,False,True,False,False,False,False,0,0.2549810876823165,Spain,18-30,35263.10418433606
766,0,28,3,62717.84,2,1,1,13182.43,0,True,False,False,False,False,False,0,0.099614095359312,Germany,18-30,6247.580894490072
799,1,38,2,0.0,2,1,1,59297.34,1,False,True,True,False,False,False,0,0.0637002864358143,Spain,31-40,0.0
637,0,27,7,135842.89,1,1,1,101418.05,0,True,False,False,False,False,False,0,0.4032978273673106,Germany,18-30,54785.14240029657
603,0,42,6,0.0,1,1,1,90437.87,1,False,True,False,True,False,False,0,0.4818647726160299,Spain,41-50,0.0
641,1,41,6,0.0,2,1,0,65396.79,1,False,False,False,True,False,False,0,0.08939705206697,France,41-50,0.0
508,0,43,9,0.0,1,1,0,103726.71,1,False,False,False,True,False,False,0,0.67589490839284,France,41-50,0.0
669,1,37,1,125529.55,1,1,1,162260.93,0,False,False,True,False,False,False,0,0.176798785568026,France,31-40,22193.4719929008
554,1,44,7,85304.27,1,1,1,58076.52,0,False,False,False,True,False,False,0,0.4210324804953411,France,41-50,35915.868394944315
646,0,52,6,111739.4,2,0,1,68367.18,0,True,False,False,False,True,False,0,0.6958310605206156,Germany,51-60,77751.74520393727
695,1,40,7,139022.24,1,0,1,193383.13,0,True,False,True,False,False,False,0,0.5167347780489777,Germany,31-40,71837.62633027171
772,1,34,7,111565.91,1,1,1,121073.23,0,True,False,True,False,False,False,0,0.4554217916825183,Germany,31-40,50809.546622890586
762,0,51,3,99286.98,1,0,1,85578.63,0,False,False,False,False,True,False,0,0.6998536167336586,France,51-60,69486.35204756242
745,0,28,6,0.0,2,1,0,154389.18,1,False,False,False,False,False,False,0,0.0740459161028413,France,18-30,0.0
466,0,47,5,102085.72,1,1,1,183536.24,0,True,False,False,True,False,False,1,0.7016296202338087,Germany,41-50,71626.36495489493
642,0,55,7,0.0,2,1,1,101515.76,1,False,False,False,False,True,False,0,0.2315633774759553,France,51-60,0.0
735,1,41,7,74135.85,1,1,1,11783.1,0,False,False,False,True,False,False,1,0.2641488539691515,France,41-50,19582.899815528923
691,1,30,9,0.0,2,0,1,10963.04,1,False,True,False,False,False,False,0,0.0464366178332066,Spain,18-30,0.0
705,0,50,4,77065.9,2,0,1,145159.26,0,False,False,False,True,False,False,0,0.560143062361696,France,41-50,43167.92922966022
850,0,34,3,129668.43,2,1,1,88743.99,0,True,False,True,False,False,False,0,0.1896207439870167,Germany,31-40,24587.824168228395
744,0,43,10,147832.15,1,0,1,24234.11,0,False,False,False,True,False,False,0,0.4831683165583208,France,41-50,71427.81104869717
420,0,31,1,108377.75,2,1,1,9904.63,0,True,False,True,False,False,False,0,0.278498007744338,Germany,31-40,30182.987458813932
702,0,29,6,149218.39,1,1,1,9633.01,0,False,False,False,False,False,False,0,0.1924523131848957,France,18-30,28717.42432522591
612,0,47,6,130024.87,1,1,1,45750.21,0,True,False,False,True,False,False,1,0.8307029836084535,Germany,41-50,108012.0474523013
670,1,33,8,126679.69,1,1,1,39451.09,0,False,False,True,False,False,False,0,0.144881803332623,France,31-40,18353.581932817648
612,0,43,4,139496.35,2,1,1,77128.23,0,False,False,False,True,False,False,0,0.4432024312011537,France,41-50,61825.121463687065
543,0,31,4,138317.94,1,0,0,61843.73,0,False,False,True,False,False,False,0,0.2796359070828928,France,31-40,38678.66261773714
584,1,38,9,104584.16,1,1,0,176678.72,0,False,False,True,False,False,False,0,0.3325776766103184,France,31-40,34782.3569430418
553,0,27,3,0.0,2,0,0,159800.16,1,False,False,False,False,False,False,0,0.0839787165964282,France,18-30,0.0
611,0,61,3,131583.59,4,0,1,66238.23,0,False,False,False,False,False,True,1,0.8371091764965541,France,60+,110149.83066536022
661,1,51,6,146606.6,1,1,1,68021.9,0,False,False,False,False,True,False,0,0.4985394175357269,France,51-60,73089.1689708933
850,1,31,3,0.0,2,1,0,121866.87,1,False,False,True,False,False,False,0,0.0910878742831206,France,31-40,0.0
842,0,37,4,132446.08,2,1,0,87071.18,0,False,False,True,False,False,False,1,0.2273093796163914,France,31-40,30106.23627742294
511,1,27,8,0.0,2,1,1,49089.36,1,False,False,False,False,False,False,0,0.0367984215201681,France,18-30,0.0
516,0,31,3,0.0,2,1,0,124202.26,1,False,True,True,False,False,False,0,0.0774682230874655,Spain,31-40,0.0
493,0,48,7,0.0,2,1,0,48545.1,1,False,True,False,True,False,False,0,0.313187890681699,Spain,41-50,0.0
850,1,37,4,137204.77,1,1,1,28865.59,0,False,True,True,False,False,False,0,0.1369263737145882,Spain,31-40,18786.95161244412
567,1,29,8,0.0,2,1,0,156125.72,1,False,True,False,False,False,False,0,0.0515442553075837,Spain,18-30,0.0
679,1,34,7,160515.37,1,1,0,121904.14,0,False,False,True,False,False,False,0,0.265616592538188,France,31-40,42635.54562940648
572,0,19,1,138657.08,1,1,1,16161.82,0,True,False,False,False,False,False,0,0.2916452573344318,Germany,18-30,40438.679777840895
606,1,36,0,94153.56,1,0,1,120138.27,0,False,True,True,False,False,False,0,0.1981193438974247,Spain,31-40,18653.64153280681
797,1,24,5,0.0,2,1,0,182257.61,1,False,False,False,False,False,False,0,0.051920100499328,France,18-30,0.0
675,1,36,7,89409.95,1,1,1,149399.7,0,True,False,True,False,False,False,0,0.2437018597911361,Germany,31-40,21789.37109883249
591,0,44,10,113581.98,1,1,0,1985.41,0,True,False,False,True,False,False,0,0.8187568308401334,Germany,41-50,92996.02198534741
671,1,45,2,106376.85,1,0,1,158264.62,0,False,False,False,True,False,False,0,0.5288316606964601,France,41-50,56255.44624515824
731,1,37,8,0.0,2,1,1,170338.35,1,False,False,True,False,False,False,0,0.0521731024258693,France,31-40,0.0
701,1,43,2,0.0,2,1,1,165303.79,1,False,False,False,True,False,False,0,0.1090009306289992,France,41-50,0.0
662,0,72,7,140301.72,1,0,1,179258.67,0,False,True,False,False,False,True,0,0.2456326463264497,Spain,60+,34462.68276775257
496,0,59,7,91680.1,2,1,0,163141.18,0,True,False,False,False,True,False,1,0.8395290609277163,Germany,51-60,76968.10825875912
811,1,52,10,76915.4,1,0,0,146359.81,0,True,False,False,False,True,False,1,0.7611850132664669,Germany,51-60,58546.84976939561
638,1,42,8,145177.84,1,1,0,193471.74,0,True,False,False,True,False,False,1,0.6143415329617682,Germany,41-50,89188.7767776783
495,0,34,9,117160.32,1,1,1,116069.24,0,True,False,True,False,False,False,1,0.4737151426669126,Germany,31-40,55500.61770370114
622,1,40,4,99799.76,2,1,0,197372.13,0,False,False,True,False,False,False,0,0.2554701450501547,France,31-40,25495.859163170626
607,1,29,7,102609.0,1,1,0,163257.44,0,True,False,False,False,False,False,0,0.4001690709702832,Germany,18-30,41060.948203189786
786,1,24,2,120135.55,2,1,1,125449.47,0,True,False,False,False,False,False,0,0.1108122742905645,Germany,18-30,13312.493518647827
798,0,49,5,132571.67,1,1,1,31686.33,0,True,False,False,True,False,False,1,0.8347441106399333,Germany,41-50,110663.42077020073
559,1,49,2,147069.78,1,1,0,120540.83,0,False,False,False,True,False,False,1,0.7392352382547127,France,41-50,108719.16385836818
816,0,34,2,108410.87,2,1,0,102908.91,0,True,False,True,False,False,False,0,0.2875791784105933,Germany,31-40,31176.708925377632
682,1,40,4,0.0,2,1,1,140745.91,1,False,False,True,False,False,False,0,0.0519239981067074,France,31-40,0.0
533,1,47,9,83347.25,1,1,1,137696.25,0,False,False,False,True,False,False,0,0.5475106564932634,France,41-50,45633.507564408144
651,1,40,1,134760.21,2,0,0,174434.06,0,True,False,True,False,False,False,1,0.332924965538172,Germany,31-40,44865.03827016682
395,0,34,5,106011.59,1,1,1,17376.57,0,True,False,True,False,False,False,1,0.4778779274758845,Germany,31-40,50660.598917623196
543,1,30,6,73481.05,1,1,1,176692.65,0,True,False,False,False,False,False,0,0.1320741925762158,Germany,18-30,9704.950348402543
731,1,35,2,127862.93,2,1,0,139083.7,0,True,False,True,False,False,False,0,0.2204969664895728,Germany,31-40,28193.388191468588
739,1,40,5,149131.03,3,1,1,60036.99,0,True,False,True,False,False,False,1,0.8615262220280433,Germany,31-40,128480.29286305078
595,0,30,5,100683.54,1,1,1,178361.04,0,False,True,False,False,False,False,0,0.2922056759585332,Spain,18-30,29420.301863598015
664,0,53,7,187602.18,1,1,0,186392.99,0,False,True,False,False,True,False,1,0.9016269486175972,Spain,51-60,169147.1811074092
639,0,27,2,0.0,2,0,0,125244.18,1,False,False,False,False,False,False,0,0.0745883008610957,France,18-30,0.0
683,0,38,5,127616.56,1,1,0,123846.07,0,False,False,True,False,False,False,0,0.4021057793352763,France,31-40,51315.356314887045
769,0,73,1,0.0,1,1,1,29792.11,1,False,False,False,False,False,True,0,0.1414343533085016,France,60+,0.0
593,0,32,3,0.0,2,1,1,151978.36,1,False,False,True,False,False,False,0,0.0700985130547407,France,31-40,0.0
624,0,45,3,68639.57,1,1,0,168002.31,0,False,False,False,True,False,False,1,0.7966534988677656,France,41-50,54681.953601278925
612,0,62,0,167026.61,2,1,1,192892.05,0,False,True,False,False,False,True,0,0.3726498373320961,Spain,60+,62242.43904663145
548,0,29,4,0.0,2,0,1,48673.18,1,False,False,False,False,False,False,0,0.0597796004093218,France,18-30,0.0
525,0,25,10,0.0,2,1,0,69361.95,1,False,True,False,False,False,False,0,0.0665141128034584,Spain,18-30,0.0
805,0,31,4,0.0,2,1,0,4798.12,1,False,False,True,False,False,False,0,0.0884774570222935,France,31-40,0.0
465,0,33,6,0.0,2,1,1,95500.98,1,False,True,True,False,False,False,0,0.0754651116166835,Spain,31-40,0.0
706,0,46,4,105214.58,1,1,0,108699.59,0,True,False,False,True,False,False,1,0.9043396502166896,Germany,41-50,95149.7164748959
649,1,70,9,116854.71,2,0,1,107125.79,0,True,False,False,False,False,True,0,0.2602631534141859,Germany,60+,30412.975315900203
507,1,36,4,83543.37,1,0,0,140134.43,0,False,False,True,False,False,False,0,0.253605027238766,France,31-40,21187.018624468303
561,0,27,9,135637.0,1,1,0,153080.4,0,False,False,False,False,False,False,1,0.2875930747816244,France,18-30,39008.26188415519
648,0,39,6,130694.89,2,1,1,153955.38,0,False,False,True,False,False,False,1,0.2410349899342219,France,31-40,31502.041495604237
579,0,29,10,73194.52,2,1,1,129209.09,0,False,False,False,False,False,False,0,0.127210809006605,France,18-30,9311.13410405013
650,0,46,9,149003.76,2,1,0,176902.83,0,True,False,False,True,False,False,0,0.5856815192763462,Germany,41-50,87268.74853468806
501,1,24,4,130806.42,2,1,0,80241.14,0,True,False,False,False,False,False,0,0.2333238362764486,Germany,18-30,30520.25572398837
535,0,38,8,0.0,2,1,0,136620.64,1,False,False,True,False,False,False,0,0.147977384342244,France,31-40,0.0
718,1,35,8,0.0,2,1,0,94820.85,1,False,False,True,False,False,False,0,0.0559445964905824,France,31-40,0.0
505,1,34,10,104498.79,1,0,1,126451.14,0,False,False,True,False,False,False,0,0.1530258993072598,France,31-40,15991.021316270486
631,1,33,7,0.0,1,1,1,58043.02,1,False,False,True,False,False,False,1,0.2951719729570011,France,31-40,0.0
473,0,25,6,110666.42,2,0,0,46758.42,0,False,False,False,False,False,False,0,0.2022637867316229,France,18-30,22383.809173232206
611,1,34,4,0.0,2,1,0,170950.58,1,False,True,True,False,False,False,0,0.0637232417125717,Spain,31-40,0.0
477,0,57,9,114023.64,2,1,1,71167.17,0,False,False,False,False,True,False,1,0.3996514023224622,France,51-60,45569.70762391159
695,1,36,4,161533.0,1,1,0,100940.91,0,False,False,True,False,False,False,0,0.3143400179021058,France,31-40,50776.28611178086
581,0,50,4,0.0,2,1,1,80701.72,1,False,True,False,True,False,False,0,0.2596533061800203,Spain,41-50,0.0
610,0,50,5,130554.51,3,1,0,184758.17,0,False,True,False,True,False,False,1,0.9189314070560638,Spain,41-50,119970.63957181494
636,0,48,1,170833.46,1,1,0,110510.28,0,False,False,False,True,False,False,1,0.6594609428051849,France,41-50,112657.99459427183
687,1,35,1,125141.24,2,1,1,148537.07,0,True,False,True,False,False,False,0,0.1942969264739028,Germany,31-40,24314.558307133022
477,1,22,5,82559.42,2,0,0,163112.9,0,False,False,False,False,False,False,1,0.1986616821144558,France,18-30,16401.393251593847
494,1,37,5,107106.33,2,1,0,172063.09,0,True,False,True,False,False,False,0,0.3353489829088753,Germany,31-40,35917.99882860236
704,0,44,9,153656.85,1,1,0,158742.81,0,False,True,False,True,False,False,0,0.566322769826321,Spain,41-50,87019.37289478754
484,0,29,4,130114.39,1,1,0,164017.89,0,False,False,False,False,False,False,0,0.2717130770260093,France,18-30,35353.78127226221
537,1,39,3,135309.36,1,1,0,31728.86,0,True,False,True,False,False,False,1,0.6258123294170231,Germany,31-40,84678.26577352657
548,0,37,9,0.0,2,0,0,98029.58,1,False,False,True,False,False,False,0,0.1263305255552535,France,31-40,0.0
748,1,60,3,0.0,2,1,1,78194.37,1,False,True,False,False,True,False,0,0.25388314908279,Spain,51-60,0.0
695,1,44,8,0.0,2,1,1,70974.13,1,False,True,False,True,False,False,0,0.1076217923542459,Spain,41-50,0.0
702,0,23,7,98775.23,1,1,0,114603.96,0,True,False,False,False,False,False,0,0.3908640677721465,Germany,18-30,38607.68819292936
585,1,40,7,0.0,2,0,0,146156.98,1,False,False,True,False,False,False,0,0.1245842078213914,France,31-40,0.0
706,1,38,5,163034.82,2,1,1,135662.17,0,True,False,True,False,False,False,0,0.1448229245462541,Germany,31-40,23611.17943527212
850,0,39,7,79259.99,1,0,1,186910.74,0,False,False,True,False,False,False,0,0.324185079404023,France,31-40,25694.90615171207
712,0,42,1,87842.98,1,0,0,92223.59,0,False,False,False,True,False,False,0,0.5383701355907674,France,41-50,47292.03705329707
518,0,38,10,84764.79,1,1,1,162253.9,0,False,False,True,False,False,False,0,0.2976438405225095,France,31-40,25229.717636684003
569,0,35,4,93934.63,1,1,0,184748.23,0,False,False,True,False,False,False,0,0.3691039907746273,France,31-40,34671.64680493803
721,0,32,10,0.0,1,1,0,136119.96,1,False,True,True,False,False,False,1,0.4119567259369098,Spain,31-40,0.0
605,1,39,3,0.0,2,1,0,199390.45,1,False,False,True,False,False,False,0,0.1335989131493885,France,31-40,0.0
738,1,49,3,0.0,3,1,1,65066.48,1,False,True,False,True,False,False,1,0.6838508769435286,Spain,41-50,0.0
662,0,22,2,126362.57,2,1,1,97382.8,0,False,False,False,False,False,False,0,0.1366694770080076,France,18-30,17269.906355287752
841,1,27,8,0.0,1,1,0,171922.72,1,False,False,False,False,False,False,0,0.3045804741977945,France,18-30,0.0
703,0,45,7,0.0,2,1,1,68831.72,1,False,False,False,True,False,False,0,0.1872250184639576,France,41-50,0.0
651,1,44,2,0.0,3,1,0,102530.35,1,False,False,False,True,False,False,1,0.7247923906503094,France,41-50,0.0
565,1,33,8,130368.31,2,1,0,105642.43,0,True,False,True,False,False,False,0,0.1896104751227921,Germany,31-40,24719.19720005545
565,0,44,1,0.0,2,0,1,89602.81,1,False,False,False,True,False,False,0,0.2203358787618498,France,41-50,0.0
521,1,38,6,0.0,2,1,0,51454.06,1,False,False,True,False,False,False,0,0.0893819055037054,France,31-40,0.0
714,1,40,9,46520.69,1,1,1,96687.25,0,False,False,True,False,False,False,0,0.2832737164204014,France,31-40,13178.088746741403
636,0,28,2,115265.14,1,0,0,191627.85,0,True,False,False,False,False,False,0,0.5156416794322125,Germany,18-30,59435.510369589094
456,1,32,9,133060.63,1,1,1,125167.92,0,True,False,True,False,False,False,0,0.3975397371459953,Germany,31-40,52896.887874680535
686,0,39,3,111695.62,1,0,0,136643.84,0,False,False,True,False,False,False,0,0.4376663794142695,France,31-40,48885.417601832065
548,1,32,2,98986.28,1,1,1,55867.38,0,True,False,True,False,False,False,0,0.2453325115302683,Germany,31-40,24284.552679438366
554,0,44,9,135814.7,2,0,0,115091.38,0,False,False,False,True,False,False,0,0.5083500729473651,France,41-50,69041.41265232452
649,0,41,2,125785.23,1,1,1,70523.92,0,False,False,False,True,False,False,0,0.3022809290762749,France,41-50,38022.47618847292
750,0,38,1,0.0,2,1,0,47764.99,1,False,False,True,False,False,False,0,0.1476744523299856,France,31-40,0.0
724,0,41,4,142880.28,3,0,0,185541.2,0,False,True,False,True,False,False,1,0.8417280664805628,Spain,41-50,120266.34182260142
595,1,46,10,0.0,1,1,0,73489.15,1,False,False,False,True,False,False,1,0.6330234932918618,France,41-50,0.0
691,1,21,3,103000.94,1,1,1,104648.58,0,False,True,False,False,False,False,0,0.1361578241061804,Spain,18-30,14024.383871291242
807,1,47,1,95120.59,1,0,0,127875.1,0,False,False,False,True,False,False,0,0.6612778657892967,France,41-50,62901.14074781872
470,1,30,4,125385.01,1,1,0,68293.93,0,False,True,False,False,False,False,0,0.3392398816384185,Spain,18-30,42535.59595163192
662,1,74,6,0.0,2,1,0,123583.85,1,False,False,False,False,False,True,0,0.3331379853631814,France,60+,0.0
519,1,39,2,112957.26,2,1,0,97593.16,0,False,False,True,False,False,False,0,0.2550630247881427,France,31-40,28811.22040738068
755,1,31,5,0.0,2,0,1,194660.78,1,False,False,True,False,False,False,0,0.0581981901354208,France,31-40,0.0
593,1,41,6,0.0,2,1,1,99136.49,1,False,False,False,True,False,False,0,0.0730393151998617,France,41-50,0.0
713,1,47,1,95994.98,1,1,0,197529.23,0,True,False,False,True,False,False,0,0.7573750716124895,Germany,41-50,72704.20485193949
619,0,28,6,99152.73,2,1,0,48475.12,0,True,False,False,False,False,False,0,0.1427996379397087,Germany,18-30,14158.973944733692
584,0,48,2,213146.2,1,1,0,75161.25,0,False,True,False,True,False,False,1,0.5975372761578772,Spain,41-50,127362.79977140213
641,0,36,1,0.0,2,1,0,102021.39,1,False,True,True,False,False,False,0,0.12716724717223,Spain,31-40,0.0
602,0,42,6,158414.85,1,1,1,131886.46,0,True,False,False,True,False,False,0,0.4640921962077878,Germany,41-50,73519.09564842728
539,1,39,1,0.0,1,1,1,28184.7,1,False,False,True,False,False,False,0,0.3613183462559063,France,31-40,0.0
713,0,32,1,117094.02,1,0,0,149558.83,0,False,False,True,False,False,False,1,0.2464533354921177,France,31-40,28858.21179518074
850,1,22,7,91560.58,2,0,0,10541.38,0,True,False,False,False,False,False,0,0.1655879142296208,Germany,18-30,15161.325467854334
642,0,56,6,103244.86,2,1,0,143049.72,0,True,False,False,False,True,False,1,0.930467510077134,Germany,51-60,96065.98781246229
626,1,33,8,0.0,2,1,0,138504.28,1,False,False,True,False,False,False,0,0.052515250623271,France,31-40,0.0
663,1,46,3,0.0,2,0,1,176276.1,1,False,False,False,True,False,False,0,0.1631446396826064,France,41-50,0.0
639,0,27,2,0.0,1,1,1,82938.99,1,False,True,False,False,False,False,0,0.2309662290056704,Spain,18-30,0.0
615,1,41,4,0.0,1,0,1,149278.96,1,False,True,False,True,False,False,0,0.3277565389608187,Spain,41-50,0.0
832,1,61,2,0.0,1,0,1,127804.66,1,False,False,False,False,False,True,1,0.4025510788451097,France,60+,0.0
587,1,55,9,0.0,1,1,0,64593.07,1,False,False,False,False,True,False,0,0.9261496415893824,France,51-60,0.0
614,1,44,6,0.0,2,0,1,104930.46,1,False,False,False,True,False,False,0,0.1647383876326367,France,41-50,0.0
439,0,66,9,0.0,1,1,0,65535.56,1,False,False,False,False,False,True,0,0.7186081784612155,France,60+,0.0
645,1,44,10,0.0,2,0,1,166707.22,1,False,False,False,True,False,False,0,0.1848379270120955,France,41-50,0.0
848,0,40,5,148495.64,1,0,0,158853.98,0,True,False,True,False,False,False,0,0.411971970030175,Germany,31-40,61176.04135169166
712,1,34,1,0.0,2,1,1,195052.12,1,False,False,True,False,False,False,0,0.0738394858145912,France,31-40,0.0
503,1,38,1,0.0,2,1,1,95153.24,1,False,False,True,False,False,False,0,0.0664718230281866,France,31-40,0.0
655,0,78,2,0.0,2,0,1,188435.38,1,False,True,False,False,False,True,0,0.0641278491100725,Spain,60+,0.0
720,1,33,2,0.0,2,0,1,141031.08,1,False,False,True,False,False,False,0,0.0533845828630631,France,31-40,0.0
538,0,42,1,98548.62,2,0,1,94047.75,0,True,False,False,True,False,False,0,0.419390573421523,Germany,41-50,41330.36225169977
715,1,34,4,124314.45,1,0,0,97782.92,0,False,False,True,False,False,False,0,0.2148054386015324,France,31-40,26703.41995675827
779,0,48,2,115290.27,1,0,0,98912.69,0,False,False,False,True,False,False,1,0.6823497639844435,France,41-50,78668.28852420277
570,1,34,10,0.0,2,0,1,183387.12,1,False,True,True,False,False,False,0,0.050222818087769,Spain,31-40,0.0
598,1,48,6,120682.53,1,1,0,30635.52,0,False,False,False,True,False,False,1,0.6750759764713291,France,41-50,81469.87678278047
850,0,34,2,0.0,2,0,0,51919.04,1,False,False,True,False,False,False,0,0.1041552330556132,France,31-40,0.0
717,0,22,6,101060.25,1,0,1,84699.56,0,False,True,False,False,False,False,0,0.1616113626001249,Spain,18-30,16332.484707209273
611,0,53,7,0.0,2,0,1,156495.39,1,False,False,False,False,True,False,1,0.3790166901186704,France,51-60,0.0
731,1,29,10,0.0,2,1,1,162452.65,1,False,False,False,False,False,False,0,0.0505800817791232,France,18-30,0.0
756,1,67,4,0.0,3,1,1,93081.87,1,False,False,False,False,False,True,0,0.406978439297296,France,60+,0.0
605,0,31,1,117992.59,1,1,1,183598.77,0,True,False,True,False,False,False,0,0.4836462004408788,Germany,31-40,57066.66783367843
735,1,28,5,160454.15,2,0,1,114957.22,0,True,False,False,False,False,False,0,0.1698832177407687,Germany,18-30,27258.46730185996
810,1,35,3,96814.46,2,1,1,120511.03,0,True,False,True,False,False,False,0,0.1442151563700221,Germany,31-40,13962.112487779252
727,1,21,8,153344.72,1,1,1,163295.87,0,True,False,False,False,False,False,0,0.1907299517865666,Germany,18-30,29247.431052324555
757,0,71,0,88084.13,2,1,1,154337.47,0,False,False,False,False,False,True,0,0.2167958292697934,France,60+,19096.27200885829
741,0,35,1,0.0,2,1,0,36557.55,1,False,False,True,False,False,False,0,0.114935687936706,France,31-40,0.0
657,1,75,7,126273.95,1,0,1,91673.6,0,False,True,False,False,False,True,0,0.1965754514058176,Spain,60+,24822.35872204564
758,0,40,5,93499.82,2,0,0,123218.81,0,False,True,True,False,False,False,0,0.2948542138615374,Spain,31-40,27568.815922295253
714,1,29,9,0.0,2,1,0,129192.55,1,False,True,False,False,False,False,0,0.0412707899710306,Spain,18-30,0.0
550,1,31,5,142200.19,2,1,1,122221.71,0,False,False,True,False,False,False,0,0.1381726066169592,France,31-40,19648.170913726855
778,0,29,6,150358.97,1,1,0,62454.01,0,True,False,False,False,False,False,1,0.5308289614428603,Germany,18-30,79814.8958887182
788,0,49,4,137455.99,1,1,0,184178.29,0,True,False,False,True,False,False,1,0.8851270163508312,Germany,41-50,121666.0103082497
618,0,35,10,0.0,2,1,0,180439.75,1,False,False,True,False,False,False,0,0.138794879519765,France,31-40,0.0
462,1,39,4,140133.08,2,0,0,131304.45,0,False,False,True,False,False,False,0,0.2612677681007703,France,31-40,36612.25704868669
465,1,33,8,0.0,2,1,0,177668.55,1,False,False,True,False,False,False,0,0.1482581024425306,France,31-40,0.0
728,1,42,8,0.0,2,0,1,41823.22,1,False,True,False,True,False,False,0,0.1458149535725398,Spain,41-50,0.0
794,1,57,3,117056.46,1,1,0,93336.93,0,True,False,False,False,True,False,1,0.9592323338169948,Germany,51-60,112284.34131415571
730,1,34,1,0.0,2,1,1,126592.01,1,False,False,True,False,False,False,0,0.0438877267822187,France,31-40,0.0
633,1,38,2,91902.56,2,1,1,107673.35,0,False,False,True,False,False,False,0,0.1544381778427314,France,31-40,14193.263905482292
850,1,36,1,104077.19,2,0,1,68594.0,0,False,False,True,False,False,False,0,0.1303466266548952,France,31-40,13566.110628220591
704,1,47,5,0.0,2,1,1,145338.61,1,False,False,False,True,False,False,0,0.1351891043701181,France,41-50,0.0
698,0,27,1,94920.71,1,1,1,40339.9,0,False,False,False,False,False,False,0,0.1264452944448505,France,18-30,12002.277124864266
635,0,37,9,146748.07,1,0,1,11407.58,0,True,False,True,False,False,False,0,0.3410555607273253,Germany,31-40,50049.245299502785
674,1,22,3,0.0,1,1,1,173940.59,1,False,False,False,False,False,False,0,0.1806894080121867,France,18-30,0.0
573,1,50,0,159304.07,1,0,1,155915.24,0,False,True,False,True,False,False,1,0.4967850945811544,Spain,41-50,79139.88748211284
799,0,63,1,110314.21,2,1,0,37464.0,0,False,False,False,False,False,True,1,0.6701889995805456,France,60+,73931.37003941822
548,0,46,1,0.0,1,1,1,104469.06,1,False,False,False,True,False,False,1,0.7214418438423267,France,41-50,0.0
673,0,37,10,0.0,2,1,1,37411.35,1,False,False,True,False,False,False,0,0.3296291459656809,France,31-40,0.0
660,1,28,2,170890.05,2,1,0,41758.9,0,True,False,False,False,False,False,0,0.1469756689512981,Germany,18-30,25116.679415870778
558,0,36,0,126606.63,2,1,1,172363.52,0,True,False,True,False,False,False,0,0.3141665585813857,Germany,31-40,39775.569240686826
724,0,32,6,0.0,2,1,1,150026.79,1,False,False,True,False,False,False,0,0.0673658451571451,France,31-40,0.0
689,0,29,1,77556.79,2,1,1,122998.26,0,False,False,False,False,False,False,0,0.1155331074583113,France,18-30,8960.376953191682
620,0,70,3,87926.24,2,1,0,33350.26,0,False,False,False,False,False,True,1,0.6627138297148435,France,60+,58269.93524282646
664,1,54,8,0.0,1,1,1,162719.69,1,False,False,False,False,True,False,1,0.5045043732577495,France,51-60,0.0
702,1,32,8,71667.74,1,1,1,126082.18,0,False,True,True,False,False,False,0,0.1304050543897391,Spain,31-40,9345.83553268968
750,0,36,8,112940.07,1,0,1,9855.81,0,False,True,True,False,False,False,0,0.1911974667059092,Spain,31-40,21593.855273588055
682,1,32,2,105163.88,2,1,1,164170.46,0,True,False,True,False,False,False,0,0.14554015832495,Germany,31-40,15305.567745266042
610,1,42,6,0.0,2,1,0,158302.59,1,False,True,False,True,False,False,1,0.1052746332136049,Spain,41-50,0.0
443,1,44,2,0.0,1,1,0,159165.7,1,False,False,False,True,False,False,0,0.6518708952641671,France,41-50,0.0
686,0,47,5,113328.93,1,1,0,124170.9,0,False,False,False,True,False,False,0,0.7099273010941664,France,41-50,80455.3014107897
850,0,28,1,105245.34,1,0,1,74780.13,0,False,False,False,False,False,False,0,0.1249055274641955,France,18-30,13145.724705848594
438,1,38,2,0.0,2,1,0,136859.55,1,False,False,True,False,False,False,0,0.1082523066000251,France,31-40,0.0
682,0,48,7,0.0,2,1,0,65069.03,1,False,False,False,True,False,False,0,0.3043473290166916,France,41-50,0.0
568,1,43,5,87612.64,4,1,1,107155.4,0,True,False,False,True,False,False,1,0.8286226230695092,Germany,41-50,72597.8155708446
703,0,45,1,0.0,1,1,0,182784.11,1,False,True,False,True,False,False,1,0.8188664231665437,Spain,41-50,0.0
709,1,23,10,0.0,2,0,0,129590.18,1,False,True,False,False,False,False,0,0.0651953233670436,Spain,18-30,0.0
553,1,38,3,99844.68,1,0,0,187915.7,0,False,False,True,False,False,False,0,0.3367223648252399,France,31-40,33619.93676481933
791,1,28,4,0.0,1,1,0,174435.48,1,False,False,False,False,False,False,0,0.280332256118281,France,18-30,0.0
416,1,35,8,0.0,1,0,0,119712.78,1,False,True,True,False,False,False,0,0.4545805400568756,Spain,31-40,0.0
614,1,43,8,140733.74,1,1,1,166588.76,0,True,False,False,True,False,False,0,0.6693841828070747,Germany,41-50,94204.93954328331
716,1,42,8,0.0,2,1,0,180800.42,1,False,True,False,True,False,False,0,0.1524559668784638,Spain,41-50,0.0
547,0,44,5,0.0,3,0,0,5459.07,1,False,True,False,True,False,False,1,0.7149646817868859,Spain,41-50,0.0
846,0,41,5,0.0,3,1,0,3440.47,1,False,False,False,True,False,False,1,0.4699272161427352,France,41-50,0.0
631,0,33,4,123246.7,1,0,0,112687.57,0,True,False,True,False,False,False,0,0.5754851872438846,Germany,31-40,70926.65022669088
515,1,33,2,0.0,2,1,1,136028.97,1,False,False,True,False,False,False,0,0.0479256919934774,France,31-40,0.0
607,1,40,5,90594.55,1,0,1,181598.25,0,True,False,True,False,False,False,0,0.4511093890394172,Germany,31-40,40868.05210080094
739,1,19,5,89750.21,1,1,0,193008.52,0,False,True,False,False,False,False,0,0.2596154193278606,Spain,18-30,23300.53840391355
680,1,36,7,0.0,2,1,0,20109.21,1,False,True,True,False,False,False,0,0.056733164457287,Spain,31-40,0.0
747,1,37,9,135776.36,3,1,0,85470.45,0,True,False,True,False,False,False,1,0.8910317066045518,Germany,31-40,120981.04176735399
850,1,42,8,119839.69,1,0,1,51016.02,0,True,False,False,True,False,False,1,0.5323577369133751,Germany,41-50,63797.58616080043
640,1,62,3,0.0,1,1,1,101663.47,1,False,True,False,False,False,True,0,0.4104667771668346,Spain,60+,0.0
563,0,34,6,139810.34,1,1,1,152417.79,0,False,False,True,False,False,False,0,0.2436148322007189,France,31-40,34059.872519025455
731,0,33,5,137388.01,2,1,0,165000.68,0,False,True,True,False,False,False,0,0.240484185278205,Spain,31-40,33039.643651843886
497,1,32,8,0.0,2,1,0,67364.42,1,False,False,True,False,False,False,0,0.0501693220900637,France,31-40,0.0
674,1,36,2,154525.7,1,0,1,27468.72,0,False,False,True,False,False,False,0,0.2046214680316513,France,31-40,31619.275582618542
634,1,37,3,111432.77,2,1,1,167032.49,0,True,False,True,False,False,False,0,0.2525693274778655,Germany,31-40,28144.499777895664
516,0,47,9,128298.74,1,0,0,149614.17,0,True,False,False,True,False,False,1,0.9128595036466098,Germany,41-50,117118.72411488545
689,1,39,7,0.0,2,0,0,14917.09,1,False,False,True,False,False,False,0,0.0679583521977463,France,31-40,0.0
750,1,33,2,152302.72,1,1,0,71333.44,0,False,False,True,False,False,False,0,0.2664080285307751,France,31-40,40574.667375074656
